datetime,open,high,low,close,volume,symbol
2024-12-11 09:30:00,137.40500,138.050003,135.21001,136.20500,48972591,NVDA
2024-12-11 10:30:00,136.19800,137.71001,135.44,137.64999,22771117,NVDA
2024-12-11 11:30:00,137.64999,139.050003,137.17999,138.63000,21971597,NVDA
2024-12-11 12:30:00,138.63989,139.17999,138.23000,139.17880,14256316,NVDA
2024-12-11 13:30:00,139.17979,139.92999,139.10001,139.45450,16419617,NVDA
2024-12-11 14:30:00,139.45039,140.17000,139.35001,140.11160,18622791,NVDA
2024-12-11 15:30:00,140.11501,140.11501,138.94000,139.27000,13537749,NVDA
2024-12-12 09:30:00,137.10001,137.55000,135.80000,136.67400,52104111,NVDA
2024-12-12 10:30:00,136.66000,137.53000,136.38000,136.72000,18891350,NVDA
2024-12-12 11:30:00,136.73000,137.39000,136.090103,137.37010,13556780,NVDA
2024-12-12 12:30:00,137.37000,138.41000,136.95000,138.20500,16490344,NVDA
2024-12-12 13:30:00,138.20500,138.25,137.32001,137.96091,13279870,NVDA
2024-12-12 14:30:00,137.96001,138.12000,137.27000,137.38499,11982914,NVDA
2024-12-12 15:30:00,137.39000,137.75,137,137.31000,9286520,NVDA
2024-12-13 09:30:00,139,139.60001,136.45000,136.49001,49347246,NVDA
2024-12-13 10:30:00,136.50999,137,132.53999,132.95000,55221021,NVDA
2024-12-13 11:30:00,132.95171,134.14999,132.89999,133.28000,31987618,NVDA
2024-12-13 12:30:00,133.30000,134.53000,132.85001,134.52950,18658386,NVDA
2024-12-13 13:30:00,134.52499,134.75,133.95000,134.63480,14065097,NVDA
2024-12-13 14:30:00,134.63229,134.92000,133.64999,133.98700,22835599,NVDA
2024-12-13 15:30:00,133.98000,134.31000,133.72000,134.22000,14372220,NVDA
2024-12-16 09:30:00,134.16499,134.39999,130.42000,132.29010,73858692,NVDA
2024-12-16 10:30:00,132.30000,132.46001,130.89000,130.92990,27172789,NVDA
2024-12-16 11:30:00,130.92010,131.57001,130.44000,130.96300,23176778,NVDA
2024-12-16 12:30:00,130.96001,132.039993,130.82001,131.31841,19102314,NVDA
2024-12-16 13:30:00,131.31000,131.78000,130.71001,131.61000,23414928,NVDA
2024-12-16 14:30:00,131.63000,132.78000,131.59000,132.39999,22170031,NVDA
2024-12-16 15:30:00,132.39000,132.44000,131.52000,131.99001,16535787,NVDA
2024-12-17 09:30:00,129,129.61000,126.86000,127.62000,87462311,NVDA
2024-12-17 10:30:00,127.62000,129.30000,127.62000,128.99001,33653414,NVDA
2024-12-17 11:30:00,128.98000,131.21001,128.81000,131.19000,30929782,NVDA
2024-12-17 12:30:00,131.20000,131.59000,129.71001,129.72430,20569000,NVDA
2024-12-17 13:30:00,129.72501,130.19991,129.25,129.89999,16935727,NVDA
2024-12-17 14:30:00,129.89999,130.0099945,129.10001,129.32491,15589185,NVDA
2024-12-17 15:30:00,129.32500,130.41000,128.82001,130.35001,19970966,NVDA
2024-12-18 09:30:00,133.87000,135.78000,132.81000,135.56371,51919555,NVDA
2024-12-18 10:30:00,135.56010,136.70000,134.95500,135.25,24134694,NVDA
2024-12-18 11:30:00,135.27000,135.86000,134.66000,135.61501,14119530,NVDA
2024-12-18 12:30:00,135.61990,136.42000,135.11000,135.98500,44594875,NVDA
2024-12-18 13:30:00,135.98000,136.33501,133.74001,133.87000,18631505,NVDA
2024-12-18 14:30:00,133.85201,134.45000,130.78999,130.97000,23848618,NVDA
2024-12-18 15:30:00,130.95500,131.57990,128.41000,128.83000,141774928,NVDA
2024-12-19 09:30:00,131.72000,132.059998,129.82170,130.22000,56394762,NVDA
2024-12-19 10:30:00,130.22000,133.44000,129.55000,133.14990,33597597,NVDA
2024-12-19 11:30:00,133.12000,134.029999,131.45000,131.61729,22742846,NVDA
2024-12-19 12:30:00,131.60500,132.59000,131.52000,131.74001,18404115,NVDA
2024-12-19 13:30:00,131.74500,132.95000,131.57001,132.040894,13856362,NVDA
2024-12-19 14:30:00,132.059998,132.089996,130.95000,131.57010,15554561,NVDA
2024-12-19 15:30:00,131.59000,131.89999,130.30000,130.67200,15479724,NVDA
2024-12-20 09:30:00,129.81000,132.5,128.22000,132.44679,73961621,NVDA
2024-12-20 10:30:00,132.44051,134.14999,132.36000,133.91000,32094005,NVDA
2024-12-20 11:30:00,133.91000,135.0099945,133.82001,134.98489,25135974,NVDA
2024-12-20 12:30:00,134.98000,135.28000,133.53999,133.69000,20457543,NVDA
2024-12-20 13:30:00,133.69710,134.99001,133.58000,134.92970,16952324,NVDA
2024-12-20 14:30:00,134.92000,135.029999,133.70000,133.88989,18593721,NVDA
2024-12-20 15:30:00,133.89000,135.0099945,132.89999,134.96001,24109745,NVDA
2024-12-23 09:30:00,136.28000,137.82001,135.12010,136.20000,49997537,NVDA
2024-12-23 10:30:00,136.20000,137.50999,135.83000,137.25990,19316408,NVDA
2024-12-23 11:30:00,137.25,138.47000,136.85001,137.92999,18596455,NVDA
2024-12-23 12:30:00,137.92999,139,137.75500,138.53000,16154943,NVDA
2024-12-23 13:30:00,138.53990,139.70000,138.52000,139.35001,17563953,NVDA
2024-12-23 14:30:00,139.35921,139.52000,138.34000,139.059998,18497265,NVDA
2024-12-23 15:30:00,139.070007,139.78999,138.89000,139.65500,14565048,NVDA
2024-12-24 09:30:00,139.98000,141.89999,139.31030,140.82010,44242762,NVDA
2024-12-24 10:30:00,140.82001,141.40990,140.25999,141.39500,19812344,NVDA
2024-12-24 11:30:00,141.39999,141.39999,140.46001,140.76450,14936430,NVDA
2024-12-24 12:30:00,140.75500,140.83000,138.64999,140.22000,23139816,NVDA
2024-12-26 09:30:00,139.52499,140.85001,137.73000,138.72000,38224769,NVDA
2024-12-26 10:30:00,138.71001,139.66000,138.40601,139.37000,16077919,NVDA
2024-12-26 11:30:00,139.36011,140.44000,139.23000,139.94009,13461581,NVDA
2024-12-26 12:30:00,139.96001,140.39999,139.36000,140.22000,11051236,NVDA
2024-12-26 13:30:00,140.21001,140.35001,139.85001,139.99001,9968537,NVDA
2024-12-26 14:30:00,140,140.28999,139.85001,140.16499,8107739,NVDA
2024-12-26 15:30:00,140.14999,140.28000,139.82001,139.89000,8622750,NVDA
2024-12-27 09:30:00,138.55499,139.020004,134.71001,135.63989,51034871,NVDA
2024-12-27 10:30:00,135.63499,136.87000,135.14999,136.86380,21330869,NVDA
2024-12-27 11:30:00,136.86000,136.92999,135.17999,135.70000,18977464,NVDA
2024-12-27 12:30:00,135.70000,136.56990,135.36000,135.95990,14807348,NVDA
2024-12-27 13:30:00,135.94119,136.83000,135.85500,136.23129,11959118,NVDA
2024-12-27 14:30:00,136.23000,136.99001,136.16000,136.76849,14163644,NVDA
2024-12-27 15:30:00,136.77000,137.14000,136.30000,137.14000,16695144,NVDA
2024-12-30 09:30:00,135.13440,138.67000,134.020004,136.71001,51292533,NVDA
2024-12-30 10:30:00,136.70000,138.28999,136.64999,137.55991,21647966,NVDA
2024-12-30 11:30:00,137.55000,139.070007,137.39240,139.020004,15602989,NVDA
2024-12-30 12:30:00,139.029999,140.27000,138.89999,139.55000,22612504,NVDA
2024-12-30 13:30:00,139.53999,139.94000,138.84000,139.011002,14240428,NVDA
2024-12-30 14:30:00,139.020004,139.5,138.57001,138.59990,14145908,NVDA
2024-12-30 15:30:00,138.60001,138.82500,137.38000,137.41000,13996718,NVDA
2024-12-31 09:30:00,137.60001,137.78999,135.67000,137.47000,37279353,NVDA
2024-12-31 10:30:00,137.49001,137.625,135.080002,135.11000,19151346,NVDA
2024-12-31 11:30:00,135.10001,136.20000,134.92999,135.050003,16280814,NVDA
2024-12-31 12:30:00,135.029999,135.72240,134.25600,134.42999,16882852,NVDA
2024-12-31 13:30:00,134.43990,134.83501,133.83160,134.12000,14681046,NVDA
2024-12-31 14:30:00,134.12000,135.62000,133.89000,135.46150,16433112,NVDA
2024-12-31 15:30:00,135.45000,135.56990,134,134.28999,16463481,NVDA
2025-01-02 09:30:00,135.95500,138.37000,134.63000,136.98000,57155225,NVDA
2025-01-02 10:30:00,136.98000,138.070007,136.41000,137.92130,22388712,NVDA
2025-01-02 11:30:00,137.92000,138.88000,136.91150,137.0099945,22996889,NVDA
2025-01-02 12:30:00,137,137.0097046,135.16000,136.36990,23813747,NVDA
2025-01-02 13:30:00,136.35500,137.36000,135.53000,137.30220,15287714,NVDA
2025-01-02 14:30:00,137.28999,138.039993,136.64999,137.91499,16465639,NVDA
2025-01-02 15:30:00,137.92999,138.62601,137.31000,138.28000,14882303,NVDA
2025-01-03 09:30:00,140.020004,144.21989,139.77000,143.11270,79451070,NVDA
2025-01-03 10:30:00,143.12000,143.72000,142.75290,143.46010,27319795,NVDA
2025-01-03 11:30:00,143.47000,144.13000,143.18010,143.68030,19087152,NVDA
2025-01-03 12:30:00,143.69000,144.74001,143.64000,144.49530,20329289,NVDA
2025-01-03 13:30:00,144.5,144.89999,143.82001,144.37100,19541645,NVDA
2025-01-03 14:30:00,144.37000,144.55000,144.039993,144.32001,15989401,NVDA
2025-01-03 15:30:00,144.30000,144.72000,144.059998,144.59000,17801822,NVDA
2025-01-06 09:30:00,148.59250,151.70000,147.82010,151.53120,91209338,NVDA
2025-01-06 10:30:00,151.52000,152.15601,151.035004,151.88879,34163496,NVDA
2025-01-06 11:30:00,151.88000,151.91859,150.89000,151.30969,21844568,NVDA
2025-01-06 12:30:00,151.30190,151.85001,150.81000,151.67500,19322484,NVDA
2025-01-06 13:30:00,151.66879,151.83890,149.66000,150.29500,23113785,NVDA
2025-01-06 14:30:00,150.30000,150.62000,149.37000,150.52499,18639381,NVDA
2025-01-06 15:30:00,150.52000,150.83000,148.25500,149.51010,25098803,NVDA
2025-01-07 09:30:00,153.048004,153.13000,143.53000,143.65800,116718490,NVDA
2025-01-07 10:30:00,143.64999,143.85001,140.44000,142.76669,79926159,NVDA
2025-01-07 11:30:00,142.75999,149.42999,141.12000,141.42900,32583750,NVDA
2025-01-07 12:30:00,141.42999,143.45000,141.31000,143.11501,23029395,NVDA
2025-01-07 13:30:00,143.11000,143.17000,141.39999,141.64011,18605910,NVDA
2025-01-07 14:30:00,141.64500,141.66000,140.44000,140.60500,24935062,NVDA
2025-01-07 15:30:00,140.61000,141.30000,140.0099945,140.12000,25410017,NVDA
2025-01-08 09:30:00,142.66000,143.95000,139.43010,140.59000,79115408,NVDA
2025-01-08 10:30:00,140.58000,141.5,139.42999,140.031006,25664293,NVDA
2025-01-08 11:30:00,140.039993,140.85001,138.029999,138.12981,15334100,NVDA
2025-01-08 12:30:00,138.13000,140.85001,137.89000,140.62000,16764343,NVDA
2025-01-08 13:30:00,140.62000,141.020004,139.57001,140.71001,15996345,NVDA
2025-01-08 14:30:00,140.70000,140.70000,139.70010,139.99890,11401439,NVDA
2025-01-08 15:30:00,139.98000,140.27000,139.78000,140.059998,9199211,NVDA
2025-01-10 09:30:00,137.37000,137.67500,134.22000,136.15131,71482682,NVDA
2025-01-10 10:30:00,136.15900,137.42000,135.12000,135.62000,30237419,NVDA
2025-01-10 11:30:00,135.61000,136.20000,135,136.17000,19282492,NVDA
2025-01-10 12:30:00,136.16000,136.89500,136.10001,136.53000,15418478,NVDA
2025-01-10 13:30:00,136.52000,137.10989,135.77000,136.24001,15407385,NVDA
2025-01-10 14:30:00,136.23000,136.46671,135.42140,135.64999,14693543,NVDA
2025-01-10 15:30:00,135.64000,136.13000,135.42000,135.86000,13963294,NVDA
2025-01-13 09:30:00,129.99500,132.61000,129.50999,130.74989,78759504,NVDA
2025-01-13 10:30:00,130.72000,133.11000,130.72000,131.63499,27378480,NVDA
2025-01-13 11:30:00,131.63000,132.84000,131.14000,132.63000,19761358,NVDA
2025-01-13 12:30:00,132.63000,132.91000,131.95500,132.51500,13032729,NVDA
2025-01-13 13:30:00,132.52000,132.63000,131.57001,132.29500,13159817,NVDA
2025-01-13 14:30:00,132.29950,132.63989,131.94000,132.19080,14548338,NVDA
2025-01-13 15:30:00,132.20000,133.49001,132.16000,133.24001,14212783,NVDA
2025-01-14 09:30:00,136.059998,136.38000,132.51440,132.56000,56331222,NVDA
2025-01-14 10:30:00,132.56000,132.95039,130.32001,130.98100,37323371,NVDA
2025-01-14 11:30:00,130.99001,131.24001,130.45000,131.13000,16714373,NVDA
2025-01-14 12:30:00,131.13499,131.78999,130.58000,131.65601,14111137,NVDA
2025-01-14 13:30:00,131.65581,132.36000,131.46001,131.70500,16793453,NVDA
2025-01-14 14:30:00,131.70950,132.039993,130.050003,130.79581,21614619,NVDA
2025-01-14 15:30:00,130.79500,131.85001,130.46001,131.85001,15064220,NVDA
2025-01-15 09:30:00,133.63000,134.55000,131.28999,134.20000,53514058,NVDA
2025-01-15 10:30:00,134.21001,135.59000,133.94000,134.38989,28204124,NVDA
2025-01-15 11:30:00,134.38000,134.91000,133.49001,134.88130,18294033,NVDA
2025-01-15 12:30:00,134.88499,135.74989,134.86000,135.52470,17977109,NVDA
2025-01-15 13:30:00,135.52870,135.97000,135.12010,135.93990,12270239,NVDA
2025-01-15 14:30:00,135.93860,136.24001,135.25999,136.067001,15108793,NVDA
2025-01-15 15:30:00,136.059998,136.42500,135.71001,136.20000,14667621,NVDA
2025-01-16 09:30:00,138.70000,138.70000,136.29410,137.20000,59856624,NVDA
2025-01-16 10:30:00,137.20500,137.38000,135.11000,135.24001,26009111,NVDA
2025-01-16 11:30:00,135.25,135.61000,134.11000,135.56570,81955163,NVDA
2025-01-16 12:30:00,135.57001,135.67000,134.24001,134.25999,9448216,NVDA
2025-01-16 13:30:00,134.25999,135.32001,133.55000,135.125,61265074,NVDA
2025-01-16 14:30:00,135.13000,135.86861,134.99001,135.20010,12931625,NVDA
2025-01-16 15:30:00,135.20500,135.35001,133.5,133.60001,10841797,NVDA
2025-01-17 09:30:00,136.21001,137.62910,135.47000,136.75,65138447,NVDA
2025-01-17 10:30:00,136.75,138.24001,136.72009,138.12920,27170977,NVDA
2025-01-17 11:30:00,138.13499,138.22009,137.65379,137.96851,19344161,NVDA
2025-01-17 12:30:00,137.96500,138.5,137.58000,138.25999,13857648,NVDA
2025-01-17 13:30:00,138.25999,138.31000,137.47000,138.089996,15651447,NVDA
2025-01-17 14:30:00,138.080002,138.16499,137.31000,137.68500,16738044,NVDA
2025-01-17 15:30:00,137.67999,138.10001,137.53000,137.73000,15314643,NVDA
2025-01-21 09:30:00,139.16000,140.21001,137.089996,138.51660,52007076,NVDA
2025-01-21 10:30:00,138.50999,139.22000,138.13000,138.98000,17474761,NVDA
2025-01-21 11:30:00,138.97009,139.49001,138.33000,139.33009,12989005,NVDA
2025-01-21 12:30:00,139.35001,141.83000,139.28999,141.57961,26808979,NVDA
2025-01-21 13:30:00,141.58000,141.75999,140.76260,141.28000,17160453,NVDA
2025-01-21 14:30:00,141.28751,141.59000,140.94000,141.58000,14044572,NVDA
2025-01-21 15:30:00,141.57500,141.72000,140.58000,140.83000,13699719,NVDA
2025-01-22 09:30:00,144.75,147.42999,143.67000,146.37891,82029594,NVDA
2025-01-22 10:30:00,146.375,147.17999,145.47,146.0050049,31864934,NVDA
2025-01-22 11:30:00,146.0099030,146.92990,145.70000,146.75929,21005879,NVDA
2025-01-22 12:30:00,146.75970,147.10001,146.38000,146.60001,15569337,NVDA
2025-01-22 13:30:00,146.59500,147.71001,146.53999,147.37010,22193366,NVDA
2025-01-22 14:30:00,147.38000,147.78999,147.029999,147.058105,18442995,NVDA
2025-01-22 15:30:00,147.054993,147.45000,146.70000,147.039993,17907158,NVDA
2025-01-23 09:30:00,145.020004,145.92999,143.72000,145.28999,49364950,NVDA
2025-01-23 10:30:00,145.29050,146.28999,145.050003,145.71500,21249120,NVDA
2025-01-23 11:30:00,145.71001,146.31990,145.28000,145.38000,12997316,NVDA
2025-01-23 12:30:00,145.38499,146.11000,144.98000,145.90500,12459325,NVDA
2025-01-23 13:30:00,145.89999,146.72000,145.88000,146.58990,12121155,NVDA
2025-01-23 14:30:00,146.59000,146.86000,146,146.48000,15219675,NVDA
2025-01-23 15:30:00,146.47501,147.23000,146.070007,147.20000,15857774,NVDA
2025-01-24 09:30:00,148.35750,148.97000,145.75999,146.050003,63304737,NVDA
2025-01-24 10:30:00,146.039993,146.57001,144.92000,145.20000,27038728,NVDA
2025-01-24 11:30:00,145.19000,145.39999,144.14000,144.43500,22004122,NVDA
2025-01-24 12:30:00,144.42999,144.61540,142.62000,143.39000,25876751,NVDA
2025-01-24 13:30:00,143.39000,143.57001,141.94009,142.31010,30513147,NVDA
2025-01-24 14:30:00,142.31000,142.85001,141.88000,142.035004,20342241,NVDA
2025-01-24 15:30:00,142.024994,142.83600,141.89999,142.60040,21485810,NVDA
2025-01-27 09:30:00,124.79000,128.39999,123.050003,124.029999,243794418,NVDA
2025-01-27 10:30:00,124.019997,124.96000,119,119.15000,111964137,NVDA
2025-01-27 11:30:00,119.14500,121.75,117.26000,119.76000,119667017,NVDA
2025-01-27 12:30:00,119.77000,121.015404,117.80000,117.875,64458183,NVDA
2025-01-27 13:30:00,117.87090,119.96000,117.36000,118.80500,65261226,NVDA
2025-01-27 14:30:00,118.80500,119.47000,116.70000,117.78000,78174325,NVDA
2025-01-27 15:30:00,117.78000,118.63000,117.77500,118.51000,61664583,NVDA
2025-01-28 09:30:00,121.81,122.2,116.26,121.77,5287864,NVDA
2025-01-28 10:30:00,121.785,121.805,119.36,120.77,2110591,NVDA
2025-01-28 11:30:00,120.765,126.62,120.665,125.72,2665453,NVDA
2025-01-28 12:30:00,126.015,126.92,124.92,126.315,2507241,NVDA
2025-01-28 13:30:00,126.065,127.4,125.47,126.99,1067887,NVDA
2025-01-28 14:30:00,126.76,127.87,126.65,127.39,1454176,NVDA
2025-01-28 15:30:00,127.57,129,126.92,129,3092915,NVDA
2025-01-29 09:30:00,126.48000,126.89000,123.71500,124,97792943,NVDA
2025-01-29 10:30:00,123.99000,124.35000,121.72000,122.98160,63385709,NVDA
2025-01-29 11:30:00,122.98000,123.23000,121.88000,122.99840,37340162,NVDA
2025-01-29 12:30:00,122.99800,123.48990,120.050003,121.59000,53048844,NVDA
2025-01-29 13:30:00,121.59000,122.089996,120.30000,120.91000,37832248,NVDA
2025-01-29 14:30:00,120.91000,123.35000,120.55000,123.15000,45222438,NVDA
2025-01-29 15:30:00,123.17000,123.81000,121.61000,123.81000,37735388,NVDA
2025-01-30 09:30:00,123.080002,124.15000,119.45000,119.57000,90528663,NVDA
2025-01-30 10:30:00,119.58140,120.4,118.099998,119.054703,64130432,NVDA
2025-01-30 11:30:00,119.050102,120.89000,118.44000,119.29000,39764703,NVDA
2025-01-30 12:30:00,119.28500,120.20000,119.11000,119.47500,23780625,NVDA
2025-01-30 13:30:00,119.48000,121.57000,119.38000,121.45500,32649141,NVDA
2025-01-30 14:30:00,121.45430,123.48000,121,123.41500,43926561,NVDA
2025-01-30 15:30:00,123.41000,125,121.93000,124.91000,47647645,NVDA
2025-01-31 09:30:00,123.81000,126.63000,123.21000,126.18600,84699752,NVDA
2025-01-31 10:30:00,126.18000,127.85000,125.75,126.75,61031902,NVDA
2025-01-31 11:30:00,126.74000,126.97000,124.059998,125.31000,44879038,NVDA
2025-01-31 12:30:00,125.32000,125.95480,124.11000,124.17000,27608473,NVDA
2025-01-31 13:30:00,124.15110,124.42760,122.57000,123.010002,34339688,NVDA
2025-01-31 14:30:00,123.025002,123.13000,119.88010,120.10990,48003349,NVDA
2025-01-31 15:30:00,120.10500,120.35000,119.19000,120,40804602,NVDA
2025-02-03 09:30:00,114.71000,116.39000,113.010002,115.76000,133603571,NVDA
2025-02-03 10:30:00,115.75,117.99000,115.42000,116.53700,54937016,NVDA
2025-02-03 11:30:00,116.54000,117.40000,115.85000,115.89000,28736939,NVDA
2025-02-03 12:30:00,115.88000,116.49000,115.51000,115.93990,28422904,NVDA
2025-02-03 13:30:00,115.94000,118.57000,115.90000,117.64480,36003187,NVDA
2025-02-03 14:30:00,117.64500,118.13140,117.15000,117.46990,27327687,NVDA
2025-02-03 15:30:00,117.47000,117.93000,116.010002,116.66000,25588651,NVDA
2025-02-04 09:30:00,116.94000,121.20000,116.70000,119.93000,77281308,NVDA
2025-02-04 10:30:00,119.94500,120.36000,119.28000,120.11000,33507532,NVDA
2025-02-04 11:30:00,120.11000,120.17000,117.86000,117.89000,29580724,NVDA
2025-02-04 12:30:00,117.89000,119.33000,117.85010,119.090103,20084695,NVDA
2025-02-04 13:30:00,119.089996,119.82000,119,119.31000,17759010,NVDA
2025-02-04 14:30:00,119.31000,119.60000,118.35000,118.46500,21662859,NVDA
2025-02-04 15:30:00,118.46610,118.95500,118.080002,118.68000,17723334,NVDA
2025-02-05 09:30:00,121.75250,123.39000,120.76000,122.31000,88881320,NVDA
2025-02-05 10:30:00,122.31540,123.5,122.029999,123.22600,32583793,NVDA
2025-02-05 11:30:00,123.22000,124.64000,123.050003,124.035004,30969306,NVDA
2025-02-05 12:30:00,124.040001,124.23000,122.90000,123.23990,19752387,NVDA
2025-02-05 13:30:00,123.23000,123.55000,122.33000,123.32500,20373343,NVDA
2025-02-05 14:30:00,123.33000,124.5,123.20000,124.44000,20964315,NVDA
2025-02-05 15:30:00,124.43000,125,123.54500,124.95500,24966962,NVDA
2025-02-06 09:30:00,127.42000,127.5,125.21000,126.22160,72706327,NVDA
2025-02-06 10:30:00,126.23000,127,125.93000,126.86000,26082492,NVDA
2025-02-06 11:30:00,126.86000,128.24001,126.60000,127.73530,36681781,NVDA
2025-02-06 12:30:00,127.75,128.32001,127.40000,128.11000,21309637,NVDA
2025-02-06 13:30:00,128.10500,128.44000,127.48000,127.69480,20105477,NVDA
2025-02-06 14:30:00,127.70000,128.25,124.83000,128.125,25923574,NVDA
2025-02-06 15:30:00,128.13000,128.75,127.92500,128.68500,19331163,NVDA
2025-02-07 09:30:00,129.16000,130.37000,127.80000,129.11000,77600882,NVDA
2025-02-07 10:30:00,129.10001,129.89999,128.23000,128.70000,32942875,NVDA
2025-02-07 11:30:00,128.70000,129.059601,127.60000,128.23500,27757064,NVDA
2025-02-07 12:30:00,128.23000,129.64999,128.020004,129.25500,17653887,NVDA
2025-02-07 13:30:00,129.25990,129.42999,127.90880,128.13000,16675456,NVDA
2025-02-07 14:30:00,128.14000,129.089905,127.97000,128.94850,16455557,NVDA
2025-02-07 15:30:00,128.94501,130,128.82001,129.86000,21996032,NVDA
2025-02-10 09:30:00,130.67999,134.78500,129.97000,134.41000,77729092,NVDA
2025-02-10 10:30:00,134.42999,134.84000,133.45000,133.47501,27522226,NVDA
2025-02-10 11:30:00,133.50031,134.20000,132.99001,134.029007,20328035,NVDA
2025-02-10 12:30:00,134.026001,134.49001,133.99001,134.33000,13225907,NVDA
2025-02-10 13:30:00,134.33000,134.69000,134.11000,134.51500,15173655,NVDA
2025-02-10 14:30:00,134.51210,135,134.22000,134.51930,19897766,NVDA
2025-02-10 15:30:00,134.50999,134.67000,133.39000,133.50999,17439573,NVDA
2025-02-11 09:30:00,132.37000,134.48000,132.0099945,133.94501,52708843,NVDA
2025-02-11 10:30:00,133.94000,134.38000,133.64999,133.96989,18685572,NVDA
2025-02-11 11:30:00,133.97000,134.089996,131.020004,132.71001,30097141,NVDA
2025-02-11 12:30:00,132.72000,132.87000,131.91000,132.83231,14579500,NVDA
2025-02-11 13:30:00,132.84000,133.89999,132.81000,133.035004,17292595,NVDA
2025-02-11 14:30:00,133.029999,133.74001,132.98000,133.45140,13156103,NVDA
2025-02-11 15:30:00,133.45500,133.50990,132.41000,132.87000,13494512,NVDA
2025-02-12 09:30:00,130.0099945,132.24001,129.080002,131.32021,53158470,NVDA
2025-02-12 10:30:00,131.33000,132,130.36000,130.61990,19237656,NVDA
2025-02-12 11:30:00,130.61000,132,130.61000,131.57500,17020004,NVDA
2025-02-12 12:30:00,131.57500,131.62000,130.82120,130.97501,14244469,NVDA
2025-02-12 13:30:00,130.98000,131.11560,130.19000,130.68990,13621244,NVDA
2025-02-12 14:30:00,130.68500,131.70500,130.59000,131.52499,12791678,NVDA
2025-02-12 15:30:00,131.50999,131.61000,130.97000,131.079895,11269249,NVDA
2025-02-13 09:30:00,131.55499,134.95000,131.17000,134.55000,54411865,NVDA
2025-02-13 10:30:00,134.55000,136.5,134.54660,135.71500,36850417,NVDA
2025-02-13 11:30:00,135.71001,135.98000,134.63000,135.0099945,19354752,NVDA
2025-02-13 12:30:00,135.0050049,135.57001,133.42070,134.52499,18628170,NVDA
2025-02-13 13:30:00,134.49500,135.28999,133.83000,135.12030,17283443,NVDA
2025-02-13 14:30:00,135.125,135.55000,134.97000,135.36130,15429824,NVDA
2025-02-13 15:30:00,135.36000,135.39000,134.73000,135.25,15333903,NVDA
2025-02-14 09:30:00,136.41000,138.17000,135.5,138.00010681,57840894,NVDA
2025-02-14 10:30:00,138.0099945,138.31000,136.24001,136.58000,29479423,NVDA
2025-02-14 11:30:00,136.59000,137.050003,136.0099945,136.74010,17594915,NVDA
2025-02-14 12:30:00,136.75,137.74001,136.56000,137.33760,13675504,NVDA
2025-02-14 13:30:00,137.33000,137.99001,137.080002,137.82001,13748369,NVDA
2025-02-14 14:30:00,137.81500,138.48000,137.64999,138.36510,16155253,NVDA
2025-02-14 15:30:00,138.37000,139.20000,138.35001,138.86000,24516103,NVDA
2025-02-18 09:30:00,141.25,143.44000,140.30000,140.66000,75623001,NVDA
2025-02-18 10:30:00,140.66499,141.22000,138.98000,141.19501,34097010,NVDA
2025-02-18 11:30:00,141.19000,141.19000,139.85490,139.96500,15582760,NVDA
2025-02-18 12:30:00,139.96500,140.70000,139.95000,140.15140,12499776,NVDA
2025-02-18 13:30:00,140.15500,140.39999,139.091995,139.57500,16587058,NVDA
2025-02-18 14:30:00,139.56750,140.16991,139.42999,139.54990,12892226,NVDA
2025-02-18 15:30:00,139.53000,139.72000,137.92500,139.41000,22832152,NVDA
2025-02-19 09:30:00,139.50999,140,137.22000,139.33000,43638802,NVDA
2025-02-19 10:30:00,139.33501,140.45509,139.33189,139.94830,26073700,NVDA
2025-02-19 11:30:00,139.94000,140.11000,139.49001,139.81500,13424823,NVDA
2025-02-19 12:30:00,139.81500,141.36000,139.74001,140.63989,19599460,NVDA
2025-02-19 13:30:00,140.64000,140.85001,140.12000,140.44510,13213960,NVDA
2025-02-19 14:30:00,140.44000,140.84500,139.020004,139.31940,20162981,NVDA
2025-02-19 15:30:00,139.32001,139.86000,138.77240,139.24001,14622733,NVDA
2025-02-20 09:30:00,140.13000,140.53000,136.79010,138.62061,45160191,NVDA
2025-02-20 10:30:00,138.61000,139.070007,137.11000,138.30000,20898864,NVDA
2025-02-20 11:30:00,138.30000,139.97000,138.23000,139.58000,17027606,NVDA
2025-02-20 12:30:00,139.56030,139.83960,139.089996,139.49001,11187948,NVDA
2025-02-20 13:30:00,139.49001,140,139.38499,139.80490,10655696,NVDA
2025-02-20 14:30:00,139.78999,140.32001,139.38000,139.89999,14152452,NVDA
2025-02-20 15:30:00,139.89000,140.20000,139.69000,140.12000,10091197,NVDA
2025-02-21 09:30:00,140,141.46001,138.95000,139.23000,48808452,NVDA
2025-02-21 10:30:00,139.23000,139.72000,138.55000,139.19920,23381184,NVDA
2025-02-21 11:30:00,139.19000,139.80000,138.37000,138.99110,15825238,NVDA
2025-02-21 12:30:00,139,139.059998,136.059998,137.17000,29842368,NVDA
2025-02-21 13:30:00,137.17000,138.065002,135.34500,135.39670,24903198,NVDA
2025-02-21 14:30:00,135.38000,136.25999,134.58000,135.10001,30385659,NVDA
2025-02-21 15:30:00,135.10001,135.20000,134.039993,134.27000,25630708,NVDA
2025-02-24 09:30:00,136.75500,138.59000,131.92999,132.92999,76292889,NVDA
2025-02-24 10:30:00,132.92000,134.28999,130.61000,134.039993,37651734,NVDA
2025-02-24 11:30:00,134.039993,134.99001,133.49001,134.60001,26471760,NVDA
2025-02-24 12:30:00,134.60001,134.89000,134.19000,134.62000,13394332,NVDA
2025-02-24 13:30:00,134.63000,134.875,132.66000,132.72000,15517929,NVDA
2025-02-24 14:30:00,132.71010,133.14999,131.92000,132.57001,18193639,NVDA
2025-02-24 15:30:00,132.58000,133.080002,130.089798,130.10001,23873374,NVDA
2025-02-25 09:30:00,129.96001,130.20000,124.44000,125.34000,85363681,NVDA
2025-02-25 10:30:00,125.35000,127.34000,125.050003,126.19000,38552542,NVDA
2025-02-25 11:30:00,126.20000,128.53999,125.75,128.52499,26597121,NVDA
2025-02-25 12:30:00,128.52870,129.89000,128.32010,128.37000,26372346,NVDA
2025-02-25 13:30:00,128.38000,129,127.040001,127.27000,22835671,NVDA
2025-02-25 14:30:00,127.26000,129.38000,127.18000,128.81500,23200458,NVDA
2025-02-25 15:30:00,128.82001,128.88000,126.19000,126.63000,25422556,NVDA
2025-02-26 09:30:00,130.25,131.60980,129.050003,130.45000,61030281,NVDA
2025-02-26 10:30:00,130.77000,133.73000,130.45000,132.41499,39300271,NVDA
2025-02-26 11:30:00,132.41499,133,131.72000,132.55679,24468214,NVDA
2025-02-26 12:30:00,132.59000,132.74001,130.35001,130.37520,25366256,NVDA
2025-02-26 13:30:00,130.35500,131.12000,128.49001,129.89000,54264063,NVDA
2025-02-26 14:30:00,129.88000,130.88000,128.96001,130.74001,26930354,NVDA
2025-02-26 15:30:00,130.70000,132.089996,130.020004,131.52000,30301575,NVDA
2025-02-27 09:30:00,135,135,125.28000,127.48000,140390951,NVDA
2025-02-27 10:30:00,127.48000,128.069901,125.51000,126.28000,47430174,NVDA
2025-02-27 11:30:00,126.29000,127.41000,125.65000,127.080002,31842499,NVDA
2025-02-27 12:30:00,127.080002,128.45000,126.28000,127.61000,28567618,NVDA
2025-02-27 13:30:00,127.61500,127.91000,123.69000,123.74500,40681735,NVDA
2025-02-27 14:30:00,123.74500,124.69000,121.57140,121.91000,61051900,NVDA
2025-02-27 15:30:00,121.90500,122.55730,120.010002,120.010002,47543937,NVDA
2025-02-28 09:30:00,118.035004,122.77500,116.41000,122.73000,121872633,NVDA
2025-02-28 10:30:00,122.73500,123.70000,121.42000,121.56000,53003489,NVDA
2025-02-28 11:30:00,121.54000,122.795,121.14000,122.18100,26348990,NVDA
2025-02-28 12:30:00,122.19000,122.27760,118.84500,120.57990,36004561,NVDA
2025-02-28 13:30:00,120.58760,121.23000,119.68000,120.47000,26666843,NVDA
2025-02-28 14:30:00,120.46390,122.23000,120.29000,121.88500,29137364,NVDA
2025-02-28 15:30:00,121.88000,125.070000,121.27000,125.050003,42860959,NVDA
2025-03-03 09:30:00,123.50500,123.70000,118.30000,119.51000,90292423,NVDA
2025-03-03 10:30:00,119.51500,120.20000,118.51000,119.22000,38941419,NVDA
2025-03-03 11:30:00,119.24000,119.5,118.25,118.41000,30591168,NVDA
2025-03-03 12:30:00,118.41000,118.43000,114.51000,115.24000,64601109,NVDA
2025-03-03 13:30:00,115.24440,117.27000,115.040001,116.044998,40434891,NVDA
2025-03-03 14:30:00,116.030098,117.62000,112.28000,113.17000,65189266,NVDA
2025-03-03 15:30:00,113.16000,114.20000,112.5,114.010002,44205633,NVDA
2025-03-04 09:30:00,111.89500,115.14000,110.11000,111.61000,127887000,NVDA
2025-03-04 10:30:00,111.60000,113.30000,110.90000,111.83000,46791250,NVDA
2025-03-04 11:30:00,111.82000,116.60000,111.82000,116.010201,51255627,NVDA
2025-03-04 12:30:00,116.014999,117.58000,115.099998,116.20000,40436938,NVDA
2025-03-04 13:30:00,116.21000,118.25,115.88000,117.76990,33842281,NVDA
2025-03-04 14:30:00,117.76500,119.31000,117.040001,118.89000,34300518,NVDA
2025-03-04 15:30:00,118.90000,119.014999,115.050003,115.96000,34552128,NVDA
2025-03-05 09:30:00,117.52000,118,114.64000,115.97000,78072523,NVDA
2025-03-05 10:30:00,115.97000,116.86000,114.51000,115.40990,39193117,NVDA
2025-03-05 11:30:00,115.40000,116.82000,114.52000,116.56310,29044947,NVDA
2025-03-05 12:30:00,116.56000,117.91000,116.11000,116.27000,29735293,NVDA
2025-03-05 13:30:00,116.30000,118.23000,115.82000,117.10980,26002248,NVDA
2025-03-05 14:30:00,117.11000,118.27810,116.73000,117.66000,26217630,NVDA
2025-03-05 15:30:00,117.625,118.20900,117.17000,117.29000,20809411,NVDA
2025-03-06 09:30:00,113.5,115.35000,112.30000,114.84440,73446901,NVDA
2025-03-06 10:30:00,114.84000,115.34000,113.57000,114.059998,34221965,NVDA
2025-03-06 11:30:00,114.040001,114.76000,111.21000,111.63560,41307149,NVDA
2025-03-06 12:30:00,111.64000,112.29000,110.95000,111.53500,33581282,NVDA
2025-03-06 13:30:00,111.53000,111.90500,110.34000,110.53000,33771494,NVDA
2025-03-06 14:30:00,110.52000,112.22000,110.22000,111.097198,39231805,NVDA
2025-03-06 15:30:00,111.089996,111.49990,110.41000,110.58000,30010571,NVDA
2025-03-07 09:30:00,111.18000,113.48000,110.73000,111.040001,76654784,NVDA
2025-03-07 10:30:00,111.019997,111.79000,109.51190,109.70000,54624751,NVDA
2025-03-07 11:30:00,109.70500,110,107.56000,109.0049973,51020128,NVDA
2025-03-07 12:30:00,109,111.29000,108.70000,110.50890,45996375,NVDA
2025-03-07 13:30:00,110.53000,112.51500,110.33000,112.25,34597993,NVDA
2025-03-07 14:30:00,112.26000,112.92000,111.29500,112.60500,32459442,NVDA
2025-03-07 15:30:00,112.60000,113.099998,111.035004,112.73000,29030527,NVDA
2025-03-10 09:30:00,109.89000,111.85000,108.010002,108.064400,74631134,NVDA
2025-03-10 10:30:00,108.070000,108.47,106.18000,107.65820,62375242,NVDA
2025-03-10 11:30:00,107.66010,108.92000,106.85000,108.084999,43556364,NVDA
2025-03-10 12:30:00,108.089996,108.85000,106.51000,107.060097,36616744,NVDA
2025-03-10 13:30:00,107.055000,107.32000,106.23000,106.76000,31503406,NVDA
2025-03-10 14:30:00,106.76000,107.40000,105.46000,106.64990,44667206,NVDA
2025-03-10 15:30:00,106.65000,107.91000,106.29000,107.019997,39086074,NVDA
2025-03-11 09:30:00,107.0049973,110.99000,106.099998,106.31000,97478690,NVDA
2025-03-11 10:30:00,106.30500,109.44000,104.77000,108.89500,61183867,NVDA
2025-03-11 11:30:00,108.88000,110.60000,108.28000,108.82000,36915567,NVDA
2025-03-11 12:30:00,108.80500,109.40000,107.48000,107.56000,28235528,NVDA
2025-03-11 13:30:00,107.56500,110.74000,107.45000,110.43000,32990769,NVDA
2025-03-11 14:30:00,110.44000,112.23600,109.98000,110.80860,45716228,NVDA
2025-03-11 15:30:00,110.81000,111.029900,108.64000,108.64000,24887618,NVDA
2025-03-12 09:30:00,114.12000,116.76000,113.88000,114.65010,103960062,NVDA
2025-03-12 10:30:00,114.65000,115.22910,112.88000,114.51000,47259223,NVDA
2025-03-12 11:30:00,114.51090,116.15,114.36010,115.83500,33813684,NVDA
2025-03-12 12:30:00,115.85000,116.60000,115.44000,116.11500,31306972,NVDA
2025-03-12 13:30:00,116.11000,116.26000,114.30000,115.55500,29673338,NVDA
2025-03-12 14:30:00,115.56000,116.040001,115.080002,115.45000,25861035,NVDA
2025-03-12 15:30:00,115.43000,115.97990,114.98000,115.74000,25027420,NVDA
2025-03-13 09:30:00,117.019997,117.76000,113.79000,116.65500,85359507,NVDA
2025-03-13 10:30:00,116.65500,117.25,115.61000,116.080002,39400479,NVDA
2025-03-13 11:30:00,116.080002,116.70000,115.41000,115.86090,31839699,NVDA
2025-03-13 12:30:00,115.85000,116.80000,114.45000,115.26500,30548149,NVDA
2025-03-13 13:30:00,115.26500,116.95000,115.11020,116.95000,28164566,NVDA
2025-03-13 14:30:00,116.95000,117.73000,115.89000,116.0049973,31767650,NVDA
2025-03-13 15:30:00,116.010002,116.35000,115.12000,115.71000,26425577,NVDA
2025-03-14 09:30:00,118.62000,120.56500,118.15000,119.52490,80054675,NVDA
2025-03-14 10:30:00,119.52900,121.19000,119.50010,120.93000,38117429,NVDA
2025-03-14 11:30:00,120.93000,121.88000,120.5,120.51500,34285520,NVDA
2025-03-14 12:30:00,120.51010,121.28500,120.36000,120.54500,22384234,NVDA
2025-03-14 13:30:00,120.54000,120.85940,120.11000,120.27500,19740299,NVDA
2025-03-14 14:30:00,120.28000,121.068497,120.25,120.58500,23734973,NVDA
2025-03-14 15:30:00,120.59000,121.80000,120.58000,121.45000,29113451,NVDA
2024-12-11 09:30:00,409.79999,412.53000,402.38000,409.95001,27166795,TSLA
2024-12-11 10:30:00,409.90100,413.98001,408.66000,412.66000,14258819,TSLA
2024-12-11 11:30:00,412.59000,415,410.85001,413.43500,10219649,TSLA
2024-12-11 12:30:00,413.39999,417.85001,412.41010,417.35941,10949668,TSLA
2024-12-11 13:30:00,417.35172,419.90991,415.10001,419.81009,9637165,TSLA
2024-12-11 14:30:00,419.84720,420.69000,418.37601,419.92010,12189683,TSLA
2024-12-11 15:30:00,419.92001,424.88000,419.70001,424.79501,10471218,TSLA
2024-12-12 09:30:00,424.84000,426.92001,416.79001,425.35001,32023065,TSLA
2024-12-12 10:30:00,425.35001,429.26999,423.20001,424.029999,14360926,TSLA
2024-12-12 11:30:00,424.14999,425.38000,418.29999,420.60999,9349583,TSLA
2024-12-12 12:30:00,420.57501,423.85001,420.25009,423.36499,5220578,TSLA
2024-12-12 13:30:00,423.31000,423.75,416.59500,417.91000,7396682,TSLA
2024-12-12 14:30:00,417.87549,420.53989,415,415.54501,8239143,TSLA
2024-12-12 15:30:00,415.52011,421,415.52011,417.68991,6517800,TSLA
2024-12-13 09:30:00,420,430.39999,415.70999,428.53629,25402222,TSLA
2024-12-13 10:30:00,428.53500,431.60001,421.53000,424.78922,14522032,TSLA
2024-12-13 11:30:00,424.85001,427.98001,424.10001,426.84000,7220360,TSLA
2024-12-13 12:30:00,426.82071,429.70001,425.73999,428.60999,6826269,TSLA
2024-12-13 13:30:00,428.60989,434.35001,428.25,433,11331537,TSLA
2024-12-13 14:30:00,433.084991,433.69000,428.89999,430.38000,7727495,TSLA
2024-12-13 15:30:00,430.37000,436.29999,429.42001,436.19000,8592526,TSLA
2024-12-16 09:30:00,441.13251,447.41000,436.14999,445.375,32721055,TSLA
2024-12-16 10:30:00,445.32800,458.97000,444.66501,458.39001,18723313,TSLA
2024-12-16 11:30:00,458.36731,460.51999,454.13010,458.22159,25981589,TSLA
2024-12-16 12:30:00,458.26001,461.45001,455.79001,459.22989,8034654,TSLA
2024-12-16 13:30:00,459.10999,461.28000,456.76999,458.47061,5503794,TSLA
2024-12-16 14:30:00,458.5,461.84000,457.75,460.73999,6623121,TSLA
2024-12-16 15:30:00,460.73999,463.19000,457.66000,463.19000,6370719,TSLA
2024-12-17 09:30:00,476.11499,483.98999,463.57001,472.67999,48299703,TSLA
2024-12-17 10:30:00,472.77499,480.67990,470.059998,471.59500,16592558,TSLA
2024-12-17 11:30:00,471.63000,474.62991,457.51010,469.24991,19406324,TSLA
2024-12-17 12:30:00,469.25,476.28000,467.80011,474.00048828,9600255,TSLA
2024-12-17 13:30:00,474.026886,475.57999,469,475.12900,7902871,TSLA
2024-12-17 14:30:00,475.21500,479.89001,474.22000,477.34100,10803083,TSLA
2024-12-17 15:30:00,477.39999,482.44989,477.029999,479.85001,9189649,TSLA
2024-12-18 09:30:00,466.35999,475.76999,461.10999,474.80991,29687891,TSLA
2024-12-18 10:30:00,474.79199,480.89999,473.20001,480.24500,12442155,TSLA
2024-12-18 11:30:00,480.25,488.53989,477.17999,478.26001,16423557,TSLA
2024-12-18 12:30:00,478.26001,480.19919,474.35550,475.29321,8038563,TSLA
2024-12-18 13:30:00,475.28009,477.48999,466.75,469.22009,13196833,TSLA
2024-12-18 14:30:00,469.20999,473.48999,437.38000,437.83499,29522396,TSLA
2024-12-18 15:30:00,438.010010,448.17990,427.019989,440.13000,23440813,TSLA
2024-12-19 09:30:00,451.92001,456.35999,437.26001,438.17999,37025213,TSLA
2024-12-19 10:30:00,438.20630,446.28000,434.39999,441.10001,15313243,TSLA
2024-12-19 11:30:00,440.92001,441.75989,420.55011,423.32999,15430713,TSLA
2024-12-19 12:30:00,423.48990,434.85989,420.019989,433.96591,16688028,TSLA
2024-12-19 13:30:00,433.72000,439.34000,430.42001,432.37909,11721980,TSLA
2024-12-19 14:30:00,432.23010,440.88989,429.35001,438.93991,9385961,TSLA
2024-12-19 15:30:00,438.88000,440.40900,432.55011,436.14999,8248784,TSLA
2024-12-20 09:30:00,425.50500,434.95001,417.64001,434.39001,38459637,TSLA
2024-12-20 10:30:00,434.29999,444.39999,434.12000,440.94501,16390373,TSLA
2024-12-20 11:30:00,441.059998,445.32999,436.79999,443.20999,9910183,TSLA
2024-12-20 12:30:00,443.079987,447.079987,439.70010,443.45001,9485817,TSLA
2024-12-20 13:30:00,443.45901,444.89999,434.62009,437.75720,9529711,TSLA
2024-12-20 14:30:00,437.75,441.39001,434.44000,434.89999,7880311,TSLA
2024-12-20 15:30:00,435.23999,435.79999,420.10999,420.60001,13446531,TSLA
2024-12-23 09:30:00,430.96249,432.79999,416.73001,424.92499,25287333,TSLA
2024-12-23 10:30:00,424.88809,434.20001,424.010010,431.95569,11742991,TSLA
2024-12-23 11:30:00,431.91000,434.51001,427.35001,430.67001,8442878,TSLA
2024-12-23 12:30:00,430.63000,434.059998,429.37369,433.40909,5213538,TSLA
2024-12-23 13:30:00,433.25,434.15591,431.66000,433.70410,3973037,TSLA
2024-12-23 14:30:00,433.73911,433.96991,425.89999,427.82010,6573133,TSLA
2024-12-23 15:30:00,427.97000,431.25,427.64001,431.23999,4660080,TSLA
2024-12-24 09:30:00,435.87000,451.82941,435.21890,449.54999,24164402,TSLA
2024-12-24 10:30:00,449.54001,453.54999,447.84131,452.59259,11448022,TSLA
2024-12-24 11:30:00,452.54001,455.58990,450.92001,455.45010,8169431,TSLA
2024-12-24 12:30:00,455.17499,462.44000,454.32819,462.25,14747036,TSLA
2024-12-24 15:30:00,462.28000,462.28000,462.28000,462.28000,840124,TSLA
2024-12-26 09:30:00,465.14999,465.32990,451.90009,461.75009,28068141,TSLA
2024-12-26 10:30:00,461.75009,463.17999,453.57999,455.059998,10984691,TSLA
2024-12-26 11:30:00,455.10001,458.18250,454.25,454.56500,9440945,TSLA
2024-12-26 12:30:00,454.50009,456.29999,451.019989,455.80719,7123845,TSLA
2024-12-26 13:30:00,455.89999,456.20001,451.040009,452.58011,6119837,TSLA
2024-12-26 14:30:00,452.69000,458.089996,451.87000,457.55890,6128525,TSLA
2024-12-26 15:30:00,457.60001,459.10999,453.55011,453.95999,5827891,TSLA
2024-12-27 09:30:00,449.49799,449.89001,426.5,434,27887011,TSLA
2024-12-27 10:30:00,434.093597,439.32990,431.51010,439.12000,12939165,TSLA
2024-12-27 11:30:00,439.20999,439.31061,431.66110,433.59149,9442354,TSLA
2024-12-27 12:30:00,433.63449,434.88000,432.029999,432.66730,5577900,TSLA
2024-12-27 13:30:00,432.59000,435.19989,429.13000,429.70001,6448906,TSLA
2024-12-27 14:30:00,429.57999,432.94000,429.53000,430.37000,6680487,TSLA
2024-12-27 15:30:00,430.31000,431.98001,428.60001,431.70569,6056568,TSLA
2024-12-30 09:30:00,419.20001,426.69879,415.75,418.54999,24020380,TSLA
2024-12-30 10:30:00,418.66000,423.29999,417.39001,421.53000,8439762,TSLA
2024-12-30 11:30:00,421.59821,424.98001,420.029999,421.28000,7313898,TSLA
2024-12-30 12:30:00,421.35001,423.38000,419.66000,422.080109,5352922,TSLA
2024-12-30 13:30:00,422.059998,423.98001,421.20010,423.87241,4325167,TSLA
2024-12-30 14:30:00,423.87000,424.48999,420.17001,420.23001,4311231,TSLA
2024-12-30 15:30:00,420.22000,420.98001,416.89999,417.28000,5142685,TSLA
2024-12-31 09:30:00,423.79001,427.92999,413.69629,422.32300,21387015,TSLA
2024-12-31 10:30:00,422.46078,422.97198,412.13501,412.81009,9981665,TSLA
2024-12-31 11:30:00,412.81009,416.82999,412.32001,412.69000,6753654,TSLA
2024-12-31 12:30:00,412.57999,414.39999,408.57999,411.42999,8498384,TSLA
2024-12-31 13:30:00,411.42999,412.68991,405.37030,405.97290,6939054,TSLA
2024-12-31 14:30:00,405.81061,409.92001,403.12000,409.67999,9094005,TSLA
2024-12-31 15:30:00,409.57999,409.97000,402.54001,403.64001,7106612,TSLA
2025-01-02 09:30:00,390.65970,392.72989,373.41000,380.33661,42083273,TSLA
2025-01-02 10:30:00,380.23999,382.72400,376.25,382.52499,15684618,TSLA
2025-01-02 11:30:00,382.48999,386.14999,378.35001,378.67999,7174617,TSLA
2025-01-02 12:30:00,378.67520,379.059998,373.049988,377.70999,8956047,TSLA
2025-01-02 13:30:00,377.62000,380.32990,374.87000,377.22729,6149972,TSLA
2025-01-02 14:30:00,377.34000,380.14001,375.98999,379.55499,5276902,TSLA
2025-01-02 15:30:00,379.61499,381.24329,376.88000,379.029999,34065438,TSLA
2025-01-03 09:30:00,381.65500,389.95001,379.45001,384.78171,24376852,TSLA
2025-01-03 10:30:00,384.84000,396.25,383.47000,396,12177451,TSLA
2025-01-03 11:30:00,395.89999,396.94971,393.32999,393.93481,9628204,TSLA
2025-01-03 12:30:00,394,399.76999,393.82999,398.98499,7634438,TSLA
2025-01-03 13:30:00,398.92001,406.54001,397.73001,404.87000,12246251,TSLA
2025-01-03 14:30:00,404.95999,409.69000,403.89999,408.63000,10659058,TSLA
2025-01-03 15:30:00,408.56000,411.87991,407.92010,410.76999,8961596,TSLA
2025-01-06 09:30:00,422.049988,426.42999,411.20010,416.34000,30530722,TSLA
2025-01-06 10:30:00,416.48001,418.13000,407.95001,411.10001,12232787,TSLA
2025-01-06 11:30:00,411.075012,411.73990,406.88000,409.22000,9043377,TSLA
2025-01-06 12:30:00,409.29501,410.92001,405.16779,406.64999,6524079,TSLA
2025-01-06 13:30:00,406.66391,407.12000,401.70001,404.059998,8214105,TSLA
2025-01-06 14:30:00,403.96100,407.91989,402.12000,407.5,6809279,TSLA
2025-01-06 15:30:00,407.53000,411.37000,403.67120,411.049988,8253417,TSLA
2025-01-07 09:30:00,405.81000,414.32999,395.38000,396.57300,25474392,TSLA
2025-01-07 10:30:00,396.66989,400.089996,391.20001,398.79999,12581148,TSLA
2025-01-07 11:30:00,398.63000,398.74551,392.64999,394.22000,4976270,TSLA
2025-01-07 12:30:00,394.17999,398.95001,392.91000,398.48001,3970239,TSLA
2025-01-07 13:30:00,398.42291,398.73990,392.72000,393.70999,3807667,TSLA
2025-01-07 14:30:00,393.65500,394.66000,390.70999,391.070007,4705691,TSLA
2025-01-07 15:30:00,391.16000,394.62000,390.010010,394.59000,5343231,TSLA
2025-01-08 09:30:00,393.049988,402.49991,391.41000,395.22000,23220693,TSLA
2025-01-08 10:30:00,395.22000,398.46100,392.98999,394.34000,8752129,TSLA
2025-01-08 11:30:00,394.34000,397.26999,388.20999,388.47000,8024446,TSLA
2025-01-08 12:30:00,388.51999,399.60989,387.42929,398.71301,9075245,TSLA
2025-01-08 13:30:00,398.78311,400.51590,394.049988,399.63599,7331717,TSLA
2025-01-08 14:30:00,399.54001,399.54001,394.56000,396.28500,5651230,TSLA
2025-01-08 15:30:00,396.26999,397.89001,394.5,395,5044424,TSLA
2025-01-10 09:30:00,391.22250,399.25,383.48999,390.095001,21051200,TSLA
2025-01-10 10:30:00,390.14621,396.14999,387.60001,388.14139,10050971,TSLA
2025-01-10 11:30:00,388.084991,391.95999,387,391.46991,5850880,TSLA
2025-01-10 12:30:00,391.25,398.29990,391.089996,397.35999,7338083,TSLA
2025-01-10 13:30:00,397.5,397.79001,393.67010,395.76001,5234008,TSLA
2025-01-10 14:30:00,395.81100,396.95001,393.13120,393.95999,4662486,TSLA
2025-01-10 15:30:00,393.79999,395.5,392.56000,394.85999,4549472,TSLA
2025-01-13 09:30:00,381.30499,392.45001,380.070007,385.94000,19646544,TSLA
2025-01-13 10:30:00,385.95999,394.67999,385.56790,388.12000,9368455,TSLA
2025-01-13 11:30:00,388.12000,396.39999,387.14001,395.92001,13872842,TSLA
2025-01-13 12:30:00,395.88159,397.59000,393.65170,395.070007,4708327,TSLA
2025-01-13 13:30:00,395.054993,396.16440,391.39999,393.75,3780245,TSLA
2025-01-13 14:30:00,393.23999,395.25,392.029999,392.54999,3693501,TSLA
2025-01-13 15:30:00,392.62000,403.79001,392.019989,403.45001,5302669,TSLA
2025-01-14 09:30:00,414.44000,422.64001,411.58200,412.56360,28896801,TSLA
2025-01-14 10:30:00,412.57001,413.38000,404.25,407.66989,13148538,TSLA
2025-01-14 11:30:00,407.51001,409.35989,402.67001,405.051208,7537445,TSLA
2025-01-14 12:30:00,405.093811,408.98999,402.16000,408.96600,5906166,TSLA
2025-01-14 13:30:00,408.98999,411.81000,408.45480,410.23499,6549334,TSLA
2025-01-14 14:30:00,410.29001,412,396.00021362,398.20999,11248331,TSLA
2025-01-14 15:30:00,398.20001,399.049988,394.54001,396.20001,6661740,TSLA
2025-01-15 09:30:00,409.85999,418.95990,405.66101,417.51001,23833567,TSLA
2025-01-15 10:30:00,417.42001,418.049988,412.36,417.040009,10347337,TSLA
2025-01-15 11:30:00,416.98001,419.92990,413.79999,419.79330,8290853,TSLA
2025-01-15 12:30:00,419.78000,420.79999,416.85001,420.77750,6048870,TSLA
2025-01-15 13:30:00,420.78500,424.10001,418.53009,423.75500,6762154,TSLA
2025-01-15 14:30:00,423.69250,427.88000,422.79999,426.81000,9127865,TSLA
2025-01-15 15:30:00,426.77011,429.79999,425.90271,428.17999,8770535,TSLA
2025-01-16 09:30:00,423.48999,423.56500,413.10999,415.54001,22667271,TSLA
2025-01-16 10:30:00,415.56000,417.17960,412.66000,415.55899,9309354,TSLA
2025-01-16 11:30:00,415.59991,415.78000,410.48010,412.45499,7562936,TSLA
2025-01-16 12:30:00,412.48999,415.049988,411.17999,411.85001,5152491,TSLA
2025-01-16 13:30:00,411.81500,412.5,409.13000,412.10779,6935340,TSLA
2025-01-16 14:30:00,412.079987,415.76001,411.54999,413.50800,6089881,TSLA
2025-01-16 15:30:00,413.55969,415.88000,413.14999,413.51001,5365340,TSLA
2025-01-17 09:30:00,421.72000,433.85999,419.77011,428.68341,28440359,TSLA
2025-01-17 10:30:00,428.87311,434.17999,425.72000,433.81750,12498985,TSLA
2025-01-17 11:30:00,433.88989,436.79001,431.5,436.40948,9871888,TSLA
2025-01-17 12:30:00,436.40500,439.20001,433.10999,437.11499,9068816,TSLA
2025-01-17 13:30:00,437.089996,439.73999,437.050110,438.43500,7885874,TSLA
2025-01-17 14:30:00,438.48999,438.95001,428.63000,428.78000,12646921,TSLA
2025-01-17 15:30:00,428.76999,432.63000,426.23001,426.48001,8389476,TSLA
2025-01-21 09:30:00,432.81000,432.98459,406.31000,412.375,32462885,TSLA
2025-01-21 10:30:00,412.38000,417.48999,411.20999,415.079987,12869537,TSLA
2025-01-21 11:30:00,415.13000,416.95090,412.51001,415.99500,7712153,TSLA
2025-01-21 12:30:00,415.89999,420.32999,415.64301,418.84991,6966628,TSLA
2025-01-21 13:30:00,418.78500,421.29999,416.66000,418.13000,6650715,TSLA
2025-01-21 14:30:00,418.079987,420.69000,415.51010,420.49500,6224189,TSLA
2025-01-21 15:30:00,420.41010,424.65991,419.12000,424.079987,7706082,TSLA
2025-01-22 09:30:00,416.72000,428,416.10010,423.42999,20498042,TSLA
2025-01-22 10:30:00,423.38000,424.29990,419.51999,422.59531,8276121,TSLA
2025-01-22 11:30:00,422.60709,423.40500,419.59000,420.20001,5236994,TSLA
2025-01-22 12:30:00,420.17999,424.14001,419.67001,421.29999,5078701,TSLA
2025-01-22 13:30:00,421.30499,421.44650,417.29010,418.13000,5653604,TSLA
2025-01-22 14:30:00,418.20001,419.87000,417.56000,417.65591,4058835,TSLA
2025-01-22 15:30:00,417.64999,419.22000,414.59000,415.10001,6017585,TSLA
2025-01-23 09:30:00,415.98999,420.73001,410.35001,414.39001,17747077,TSLA
2025-01-23 10:30:00,414.32620,416.23999,411.93,413.28000,6810530,TSLA
2025-01-23 11:30:00,413.20001,414.098999,410.82999,410.88000,4739334,TSLA
2025-01-23 12:30:00,410.83011,412.74231,408.95001,412.38000,5708842,TSLA
2025-01-23 13:30:00,412.38000,413.41000,410.39999,410.89001,3767157,TSLA
2025-01-23 14:30:00,411.049988,411.68939,409.32999,410.48499,4204113,TSLA
2025-01-23 15:30:00,410.46991,412.38000,409.42001,412.37000,4244509,TSLA
2025-01-24 09:30:00,414.39801,418.010010,411.8,414.54990,18462373,TSLA
2025-01-24 10:30:00,414.53000,416.40939,411.70999,413.51001,7438668,TSLA
2025-01-24 11:30:00,413.38010,415.69000,410.84000,411.39999,5493396,TSLA
2025-01-24 12:30:00,411.34100,412.38000,407.76999,410.20999,5829460,TSLA
2025-01-24 13:30:00,410.20999,410.63000,407.26010,407.95001,5381502,TSLA
2025-01-24 14:30:00,407.92499,409.75,406.79999,406.85001,4577294,TSLA
2025-01-24 15:30:00,406.92511,407.85001,405.78000,406.53500,4577762,TSLA
2025-01-27 09:30:00,394.53201,405.75989,393.39301,402.27499,20408195,TSLA
2025-01-27 10:30:00,402.23001,406.66989,398.62000,399.28000,7667701,TSLA
2025-01-27 11:30:00,399.32999,401.50760,395.050110,397.15479,5533368,TSLA
2025-01-27 12:30:00,397.065002,398.81989,393.84000,393.95349,4460309,TSLA
2025-01-27 13:30:00,393.95999,397.32001,393.42001,396.45999,4002206,TSLA
2025-01-27 14:30:00,396.45001,396.60989,389,394.5,7029638,TSLA
2025-01-27 15:30:00,394.5,397.45001,392.39999,397.059998,4426955,TSLA
2025-01-28 09:30:00,396.72,396.82,386.8,393.15,146433,TSLA
2025-01-28 10:30:00,393.12,394.445,387.61,388.16,87835,TSLA
2025-01-28 11:30:00,388.36,394.2,387.575,393.845,52112,TSLA
2025-01-28 12:30:00,393.63,395.6,392.62,394.435,53935,TSLA
2025-01-28 13:30:00,394,396.535,392.68,396.33,38127,TSLA
2025-01-28 14:30:00,396.36,400.55,395.73,399.56,404951,TSLA
2025-01-28 15:30:00,400.12,400.14,397.43,398.19,133475,TSLA
2025-01-29 09:30:00,395.19000,398.58990,391.051697,392.040009,11559216,TSLA
2025-01-29 10:30:00,392.059998,393.70001,389.41000,389.76501,5957857,TSLA
2025-01-29 11:30:00,389.66391,390.89999,387.73489,390.25500,4995242,TSLA
2025-01-29 12:30:00,390.27499,391.51001,384.72000,389.99899,5691640,TSLA
2025-01-29 13:30:00,389.97000,390.56000,385.059998,385.059998,4706590,TSLA
2025-01-29 14:30:00,385.10999,391.68991,384.48001,391.14001,8361168,TSLA
2025-01-29 15:30:00,391.28000,391.85001,386.89999,388.029999,5136360,TSLA
2025-01-30 09:30:00,410.5,412.5,384.41000,392.13000,38277085,TSLA
2025-01-30 10:30:00,392.35001,397.54001,388.98001,397.11499,11751967,TSLA
2025-01-30 11:30:00,397.070007,401.17999,395.80011,399.10999,9660590,TSLA
2025-01-30 12:30:00,399.12000,409.10001,398.16501,403.98749,12022190,TSLA
2025-01-30 13:30:00,403.85001,406.29001,401.30011,404.10999,6986207,TSLA
2025-01-30 14:30:00,404.20499,406.74451,402.040009,406.027710,6968639,TSLA
2025-01-30 15:30:00,405.89999,407.5,398.95010,400.48001,7359961,TSLA
2025-01-31 09:30:00,401.51501,417.92999,401.42499,414.77859,25170319,TSLA
2025-01-31 10:30:00,414.67001,418.44000,413.88000,415.019989,9235990,TSLA
2025-01-31 11:30:00,415.14200,419.98001,414.79999,418.45999,8663098,TSLA
2025-01-31 12:30:00,418.54999,419.80591,415.81000,415.89709,5981017,TSLA
2025-01-31 13:30:00,415.89999,416.95990,407.29999,408.50500,12042768,TSLA
2025-01-31 14:30:00,408.55939,410.14999,401.44009,402.85001,11400867,TSLA
2025-01-31 15:30:00,402.76999,405.37000,402.25,404.57999,6096507,TSLA
2025-02-03 09:30:00,386.69000,389.17001,374.39001,384.56000,36603549,TSLA
2025-02-03 10:30:00,384.42001,389.10001,382.23010,384.29999,14047643,TSLA
2025-02-03 11:30:00,384.30371,387.10281,379.29999,379.42001,10245819,TSLA
2025-02-03 12:30:00,379.36749,381.42999,377.41000,380.28079,7289977,TSLA
2025-02-03 13:30:00,380.38599,385.33990,378.32999,383.46640,7021104,TSLA
2025-02-03 14:30:00,383.48999,385.29919,383.10541,384.19009,5588620,TSLA
2025-02-03 15:30:00,384.34000,385.069885,381.35999,383.85999,5498643,TSLA
2025-02-04 09:30:00,383,390.73001,382.13000,384.20001,16974210,TSLA
2025-02-04 10:30:00,384.26999,386.53000,381.39999,383.46500,7515270,TSLA
2025-02-04 11:30:00,383.46249,386.89999,382.70001,382.85999,6460699,TSLA
2025-02-04 12:30:00,382.95001,387.45001,382.67999,386.82001,4625665,TSLA
2025-02-04 13:30:00,386.78000,388.22989,385.079987,387.53989,5080670,TSLA
2025-02-04 14:30:00,387.45999,389.98001,385.51920,389.81000,6099070,TSLA
2025-02-04 15:30:00,389.78000,394,388.87009,392.39999,6908873,TSLA
2025-02-05 09:30:00,387.51001,388.39001,380.51999,381.099915,17273766,TSLA
2025-02-05 10:30:00,380.99500,384.48001,380.019989,382.29999,7227159,TSLA
2025-02-05 11:30:00,382.32401,384.95609,381.019989,382.32999,5334918,TSLA
2025-02-05 12:30:00,382.35001,382.84000,380.049988,380.47400,4592583,TSLA
2025-02-05 13:30:00,380.45001,381.48001,378,379.89719,6455253,TSLA
2025-02-05 14:30:00,379.89999,380.29001,377.5,377.84000,5386645,TSLA
2025-02-05 15:30:00,377.82001,379.35001,375.53000,378.17001,6869429,TSLA
2025-02-06 09:30:00,373.10501,375.39999,363.17999,367.57080,27724738,TSLA
2025-02-06 10:30:00,367.70999,369.14911,363.85001,366.029999,11637173,TSLA
2025-02-06 11:30:00,366.054993,370.19000,364.82001,369.54010,8413894,TSLA
2025-02-06 12:30:00,369.54001,371.76999,368.34000,371.76999,6189988,TSLA
2025-02-06 13:30:00,371.76001,374.089996,369.81000,370.10501,7364740,TSLA
2025-02-06 14:30:00,370.089996,378.17001,367.42001,369.35999,6654280,TSLA
2025-02-06 15:30:00,369.42999,374.32001,369.42001,374.31000,6196275,TSLA
2025-02-07 09:30:00,370.17999,380.54590,369.10999,372.31000,20544879,TSLA
2025-02-07 10:30:00,372.16000,374.76999,367.28000,369.17670,11280356,TSLA
2025-02-07 11:30:00,369.17499,370.25,366.31000,368.79831,7246299,TSLA
2025-02-07 12:30:00,368.68451,371.26001,367.56000,369.5,4641968,TSLA
2025-02-07 13:30:00,369.55420,370,363.44009,363.86371,6280189,TSLA
2025-02-07 14:30:00,363.82001,365.57001,361.20001,361.87000,8026032,TSLA
2025-02-07 15:30:00,361.85281,362.84000,360.34000,361.48999,6786259,TSLA
2025-02-10 09:30:00,356.20499,361.75,350.54999,360.89999,26150475,TSLA
2025-02-10 10:30:00,360.11481,362.70001,358.62491,360.75101,9998709,TSLA
2025-02-10 11:30:00,360.74500,362.19989,358.20001,358.46970,6630317,TSLA
2025-02-10 12:30:00,358.45999,361.39999,357.60001,359.95041,5833330,TSLA
2025-02-10 13:30:00,359.95001,360,356.51001,357.66000,5860138,TSLA
2025-02-10 14:30:00,357.64001,357.73001,352.90009,354.98999,8320158,TSLA
2025-02-10 15:30:00,354.98001,355,350.51001,350.64001,8336436,TSLA
2025-02-11 09:30:00,345.82501,349.37000,341.79999,343.99030,24873848,TSLA
2025-02-11 10:30:00,343.92999,345.16580,335.71219,337.37000,18758956,TSLA
2025-02-11 11:30:00,337.32999,337.56000,332.70001,334.93500,15644018,TSLA
2025-02-11 12:30:00,335,335.059998,329.12000,329.69781,13217401,TSLA
2025-02-11 13:30:00,329.72989,334.60001,329.14999,332.48499,12201834,TSLA
2025-02-11 14:30:00,332.48141,332.73001,326.10999,326.41730,14682273,TSLA
2025-02-11 15:30:00,326.53000,328.64999,325.10001,328.64001,11780273,TSLA
2025-02-12 09:30:00,329.98001,339.32999,329.12000,338.32089,35598082,TSLA
2025-02-12 10:30:00,338.31000,341.16000,336.51999,337.20001,13173841,TSLA
2025-02-12 11:30:00,337.20001,343.70001,337.14999,343.36011,10429678,TSLA
2025-02-12 12:30:00,343.39499,345.62000,342.69000,344.92999,9990698,TSLA
2025-02-12 13:30:00,345.019989,345.57999,342.079987,344.92999,7854229,TSLA
2025-02-12 14:30:00,344.94901,346.39999,343.96011,345.81500,7971880,TSLA
2025-02-12 15:30:00,345.75,345.97989,335.66000,336.45999,12397101,TSLA
2025-02-13 09:30:00,345.040009,355.83960,342.86499,354.92999,28332580,TSLA
2025-02-13 10:30:00,355,358.69000,352.22000,352.75500,15808870,TSLA
2025-02-13 11:30:00,352.75,352.97900,348.17001,350.20001,11212403,TSLA
2025-02-13 12:30:00,350.19000,352.34991,348.42880,350.41501,7751715,TSLA
2025-02-13 13:30:00,350.44000,352.98499,349.92999,352.25,6714627,TSLA
2025-02-13 14:30:00,352.25,355.079895,351.78839,355.019989,6513131,TSLA
2025-02-13 15:30:00,354.98001,356.89999,353.85010,356.029999,7329056,TSLA
2025-02-14 09:30:00,360.62000,361.98999,351.60001,352.41800,23812203,TSLA
2025-02-14 10:30:00,352.47989,353.070007,347.5,351.54999,14151718,TSLA
2025-02-14 11:30:00,351.54999,352.73999,348.62009,349.10999,6574475,TSLA
2025-02-14 12:30:00,349.13000,351.84991,348.88000,351.22961,4948936,TSLA
2025-02-14 13:30:00,351.22171,354.54999,351.20010,353.14001,5499643,TSLA
2025-02-14 14:30:00,353.10999,356.17999,352.31000,355.86679,5968838,TSLA
2025-02-14 15:30:00,355.82999,356.44000,354.28000,355.89999,4756780,TSLA
2025-02-18 09:30:00,355.28000,359.10001,352.54999,353.94171,19484469,TSLA
2025-02-18 10:30:00,353.95001,357.14999,353.45999,356.25500,6365968,TSLA
2025-02-18 11:30:00,356.14001,357.17001,353.79999,354.42001,4488174,TSLA
2025-02-18 12:30:00,354.39999,355.25989,350.019989,351.29001,5938609,TSLA
2025-02-18 13:30:00,351.29071,353.46899,350.5,352.67001,4616889,TSLA
2025-02-18 14:30:00,352.67999,354.67001,352.36609,352.76001,3772401,TSLA
2025-02-18 15:30:00,352.76001,354.32999,352.32999,354.049988,3271751,TSLA
2025-02-19 09:30:00,353.97000,367.34000,353.73499,363.32001,23980440,TSLA
2025-02-19 10:30:00,363.32999,364.24991,359.14001,359.96600,9909197,TSLA
2025-02-19 11:30:00,359.91000,365.13770,358.26001,364.60760,8911581,TSLA
2025-02-19 12:30:00,364.62430,364.63989,361.59009,362.87000,4999031,TSLA
2025-02-19 13:30:00,362.95999,364.25,359.64999,362.55499,5514769,TSLA
2025-02-19 14:30:00,362.45999,363.34000,357.87000,358.10910,5095267,TSLA
2025-02-19 15:30:00,358.089996,361.94000,357.35089,360.60001,4928309,TSLA
2025-02-20 09:30:00,361.54001,362.29999,348,352.14410,18238926,TSLA
2025-02-20 10:30:00,352.059998,354.28000,349.79999,354.19501,7443746,TSLA
2025-02-20 11:30:00,354.23001,354.95001,352.60001,353.89999,4266175,TSLA
2025-02-20 12:30:00,353.91751,355.32990,351.67999,353.45450,3327636,TSLA
2025-02-20 13:30:00,353.42999,353.64999,352.36099,352.98001,2440689,TSLA
2025-02-20 14:30:00,352.92001,354.73001,350.89999,353.70001,3939279,TSLA
2025-02-20 15:30:00,353.64511,354.87991,352.75,354.38000,2811368,TSLA
2025-02-21 09:30:00,353.16000,354.98001,348.61011,348.64999,12870148,TSLA
2025-02-21 10:30:00,348.60291,348.69000,344.81000,346.089996,10776053,TSLA
2025-02-21 11:30:00,346.040009,346.29999,340.10172,340.89001,9198838,TSLA
2025-02-21 12:30:00,340.89609,341.26999,337.21091,340.11801,9258720,TSLA
2025-02-21 13:30:00,340.14001,342.77911,335.40009,335.65140,8243187,TSLA
2025-02-21 14:30:00,335.63000,338.79001,334.42001,336.40500,9707201,TSLA
2025-02-21 15:30:00,336.42001,338.25,334.92001,337.54001,7027669,TSLA
2025-02-24 09:30:00,338.10001,342.39731,324.70001,326.60001,30995350,TSLA
2025-02-24 10:30:00,326.60001,334.20001,326.5,333.84000,9822524,TSLA
2025-02-24 11:30:00,333.88919,338.95889,331.84000,337.029999,8532793,TSLA
2025-02-24 12:30:00,337.089996,338.88000,335.89999,338.39999,5038472,TSLA
2025-02-24 13:30:00,338.39999,338.54999,333.34000,333.41049,5140634,TSLA
2025-02-24 14:30:00,333.43500,335.60001,331.73001,331.86801,5546074,TSLA
2025-02-24 15:30:00,331.85999,333.60001,329.89001,330.38000,5350028,TSLA
2025-02-25 09:30:00,327.13000,327.45001,305.39001,306.37000,37458260,TSLA
2025-02-25 10:30:00,306.44000,308.76001,300.10999,301.31000,27200545,TSLA
2025-02-25 11:30:00,301.34000,306.46570,298.78000,303.42001,17005802,TSLA
2025-02-25 12:30:00,303.49500,306.37000,301.76,302.37000,10157858,TSLA
2025-02-25 13:30:00,302.39999,304.29800,297.25119,298.30499,11817592,TSLA
2025-02-25 14:30:00,298.30499,304.049988,298.16010,302.70001,12451411,TSLA
2025-02-25 15:30:00,302.67999,303.73999,298.35001,302.48999,10453529,TSLA
2025-02-26 09:30:00,303.71500,309,294.23010,295.25,26876505,TSLA
2025-02-26 10:30:00,295.29999,301,295.29999,298.78101,14767907,TSLA
2025-02-26 11:30:00,298.78000,302.26001,297.75021,300.67999,8179642,TSLA
2025-02-26 12:30:00,300.64001,301.29999,293.42001,293.43741,10463098,TSLA
2025-02-26 13:30:00,293.43961,294.89999,289.41000,290.25,13888438,TSLA
2025-02-26 14:30:00,290.25,292.63000,288.080200,289.019592,11429741,TSLA
2025-02-26 15:30:00,289,292.67999,288.040009,290.89001,8686402,TSLA
2025-02-27 09:30:00,291,297.23001,280.88000,293.35999,34526453,TSLA
2025-02-27 10:30:00,293.32001,293.51999,285.85001,288.39999,13691055,TSLA
2025-02-27 11:30:00,288.51749,289.19000,284.34000,285.95001,8878072,TSLA
2025-02-27 12:30:00,286,291.66989,284.69000,291.31000,9536680,TSLA
2025-02-27 13:30:00,291.32999,291.82440,284.63000,284.93890,8688742,TSLA
2025-02-27 14:30:00,284.95001,285.92999,281.5,281.92990,12162673,TSLA
2025-02-27 15:30:00,281.92999,284.66000,281.26999,281.95999,7161280,TSLA
2025-02-28 09:30:00,279.45999,292.56000,273.60001,292.35260,39075760,TSLA
2025-02-28 10:30:00,292.39499,293,287.42279,287.94000,14240424,TSLA
2025-02-28 11:30:00,287.89011,291.92999,287.20010,290.26999,8518309,TSLA
2025-02-28 12:30:00,290.23999,290.84891,281.35001,286.12000,11343881,TSLA
2025-02-28 13:30:00,286.059998,287.48001,282.81000,285.91501,8961369,TSLA
2025-02-28 14:30:00,285.91000,293.39691,285.17999,293.26221,12087085,TSLA
2025-02-28 15:30:00,293.26001,293.60999,288.89001,293.31000,9448612,TSLA
2025-03-03 09:30:00,300.36749,303.94000,291.70001,300.73001,35304647,TSLA
2025-03-03 10:30:00,300.78000,301.69000,294.85999,298.94501,12487012,TSLA
2025-03-03 11:30:00,298.98999,302.47900,297.44110,298.48001,10050129,TSLA
2025-03-03 12:30:00,298.48499,298.69989,285.029999,285.41501,16508753,TSLA
2025-03-03 13:30:00,285.50870,289.80899,284.70999,286.42499,10088160,TSLA
2025-03-03 14:30:00,286.42499,290.26001,279.059998,280.092407,13903470,TSLA
2025-03-03 15:30:00,280.059998,284.98001,277.29999,284.78000,10701428,TSLA
2025-03-04 09:30:00,270.79999,278.28000,261.84009,265.60999,43130221,TSLA
2025-03-04 10:30:00,265.57001,267.81561,262.075195,262.76050,14951434,TSLA
2025-03-04 11:30:00,262.67999,273.010010,262.61179,271.98911,13398335,TSLA
2025-03-04 12:30:00,271.91000,274.45001,268.66000,271.13599,11449807,TSLA
2025-03-04 13:30:00,271.10751,281.48999,270.12000,279.16000,12348615,TSLA
2025-03-04 14:30:00,279.23999,284.32999,277.67999,283.029999,12331892,TSLA
2025-03-04 15:30:00,282.95499,283.31989,270.33099,272,12383747,TSLA
2025-03-05 09:30:00,272.95999,278.26990,267.70999,270.23999,30324654,TSLA
2025-03-05 10:30:00,270.25,274.45999,268.79999,270.60001,12730856,TSLA
2025-03-05 11:30:00,270.54999,274.14890,268,273.18671,10689026,TSLA
2025-03-05 12:30:00,273.12750,276.059998,271,272.43188,9153503,TSLA
2025-03-05 13:30:00,272.375,279.16000,271.20001,276.98001,9379582,TSLA
2025-03-05 14:30:00,277,278.13989,273.51999,276.82001,8850682,TSLA
2025-03-05 15:30:00,276.73999,279.54001,275.26001,279.26001,7015037,TSLA
2025-03-06 09:30:00,272,272.11801,264.39999,270.69250,26702168,TSLA
2025-03-06 10:30:00,270.69501,272.64999,267.57999,269.31000,11485501,TSLA
2025-03-06 11:30:00,269.32999,271.23950,262.85001,263.29999,12655085,TSLA
2025-03-06 12:30:00,263.34000,264.73001,261.76999,262.95001,9098353,TSLA
2025-03-06 13:30:00,263,263.55029,260.019989,260.56000,10864097,TSLA
2025-03-06 14:30:00,260.45001,266.60999,260.019989,261.16501,12802598,TSLA
2025-03-06 15:30:00,261.17001,264.34000,260.54999,263.42999,8703774,TSLA
2025-03-07 09:30:00,259.27499,266.24991,259.090088,260.94931,26853256,TSLA
2025-03-07 10:30:00,260.89999,261.60001,254.31000,254.39000,15854379,TSLA
2025-03-07 11:30:00,254.42000,256.095001,250.73000,256.040009,15145976,TSLA
2025-03-07 12:30:00,256.089996,262.87000,254.89999,260.20499,13885689,TSLA
2025-03-07 13:30:00,260.26999,264.26840,259.67151,263.12180,9663231,TSLA
2025-03-07 14:30:00,263.14999,263.56940,259.23001,261.68610,9220298,TSLA
2025-03-07 15:30:00,261.51999,263.5,258.45999,262.63000,8113262,TSLA
2025-03-10 09:30:00,252.60001,253.37000,238.89000,239.73000,40927577,TSLA
2025-03-10 10:30:00,239.91000,241.49001,237.60001,240.16000,19513809,TSLA
2025-03-10 11:30:00,240.14999,243.10930,233.05,234.30000,20627354,TSLA
2025-03-10 12:30:00,234.33000,234.94949,225.59000,227.050003,27825802,TSLA
2025-03-10 13:30:00,227.15990,228.85001,224.13000,225.99921,18614538,TSLA
2025-03-10 14:30:00,226.029999,227.10001,220.85049,221.58000,23319877,TSLA
2025-03-10 15:30:00,221.57001,224.80000,220.19000,222.080002,21582826,TSLA
2025-03-11 09:30:00,225.27010,236.28960,222,222.65010,58854090,TSLA
2025-03-11 10:30:00,222.60001,230.98990,218.029999,228.39999,29443518,TSLA
2025-03-11 11:30:00,228.39000,232.70000,225.91000,228.23500,16360604,TSLA
2025-03-11 12:30:00,228.33000,230.44991,223.55000,223.81000,12475120,TSLA
2025-03-11 13:30:00,223.75,234.44000,223.58000,233.22800,15121712,TSLA
2025-03-11 14:30:00,233.17000,237.064896,230.82001,232.68201,20248023,TSLA
2025-03-11 15:30:00,232.73000,234.99001,229.62000,230.5,11862356,TSLA
2025-03-12 09:30:00,244.65280,251.69000,244.30000,246.89500,50358750,TSLA
2025-03-12 10:30:00,247,247.36000,241.10001,244.82060,21409822,TSLA
2025-03-12 11:30:00,244.88000,249.99001,244.53000,249.30000,13996209,TSLA
2025-03-12 12:30:00,249.31000,251.84000,247.39999,250.23990,13689525,TSLA
2025-03-12 13:30:00,250.12000,251.10001,245.75,249.36990,11225241,TSLA
2025-03-12 14:30:00,249.42999,249.82001,247.45000,247.70351,9348190,TSLA
2025-03-12 15:30:00,247.75999,248.38000,245.98000,248.28000,10404480,TSLA
2025-03-13 09:30:00,248.125,248.28999,234,239.46001,40937913,TSLA
2025-03-13 10:30:00,239.47749,240.70000,235.70000,236.14999,14700278,TSLA
2025-03-13 11:30:00,236.13000,236.44000,233.53000,235.37000,12783138,TSLA
2025-03-13 12:30:00,235.39999,238.49001,234.60010,236.070007,10729898,TSLA
2025-03-13 13:30:00,236.039993,241.34000,235.45000,240.71001,10646258,TSLA
2025-03-13 14:30:00,240.75,242.60001,239.27000,239.71001,10381525,TSLA
2025-03-13 15:30:00,239.89999,240.92999,238.15100,240.69000,7160974,TSLA
2025-03-14 09:30:00,247.31000,250.63989,240.74001,241.039993,30773216,TSLA
2025-03-14 10:30:00,241.13000,248.73000,240.88000,248.59509,15845456,TSLA
2025-03-14 11:30:00,248.58000,249.75999,246.41040,246.81000,12018596,TSLA
2025-03-14 12:30:00,246.78999,249.66000,246.42149,247.98120,8209748,TSLA
2025-03-14 13:30:00,247.99001,249.89999,247.42000,249.10001,7760011,TSLA
2025-03-14 14:30:00,249.11501,251.58000,248,248.49001,11058332,TSLA
2025-03-14 15:30:00,248.50999,250.32990,247.78999,249.98050,8356801,TSLA
2024-12-11 09:30:00,605.78003,607.25,605.5,606.53497,6758534,SPY
2024-12-11 10:30:00,606.56000,607.52002,606.48163,607.47998,2514092,SPY
2024-12-11 11:30:00,607.47998,608.19000,607.35999,607.71997,2666886,SPY
2024-12-11 12:30:00,607.75,608.43500,607.60999,608.32001,1993880,SPY
2024-12-11 13:30:00,608.31000,608.40002,607.56000,607.92999,2116171,SPY
2024-12-11 14:30:00,607.91998,608.21680,607.71002,608.070007,2718167,SPY
2024-12-11 15:30:00,608.065002,608.065002,607.31000,607.5,3811602,SPY
2024-12-12 09:30:00,606.58002,606.65997,605.13000,606.56262,5594028,SPY
2024-12-12 10:30:00,606.56000,607.15997,606.32001,606.86499,2184434,SPY
2024-12-12 11:30:00,606.88000,606.90997,605.77002,606.49792,2240034,SPY
2024-12-12 12:30:00,606.48999,606.95001,605.87000,606.51672,1753154,SPY
2024-12-12 13:30:00,606.51001,606.54999,604.83002,604.92999,2929159,SPY
2024-12-12 14:30:00,604.94000,605.44000,604.75,604.88000,3016685,SPY
2024-12-12 15:30:00,604.90002,605.34998,604.34003,604.37000,6557171,SPY
2024-12-13 09:30:00,606.44000,607.13000,604.91998,605.010010,10930527,SPY
2024-12-13 10:30:00,605.010010,605.26740,603.030029,603.67987,4287255,SPY
2024-12-13 11:30:00,603.66138,604.65997,603.12000,603.23682,17632150,SPY
2024-12-13 12:30:00,603.23999,604.070007,602.81000,603.97882,3087453,SPY
2024-12-13 13:30:00,603.96997,604.52863,603.67999,604.38000,3694211,SPY
2024-12-13 14:30:00,604.40002,604.63000,603.77002,604.27002,3235062,SPY
2024-12-13 15:30:00,604.25500,604.70001,604.099976,604.26001,4245475,SPY
2024-12-16 09:30:00,606,606.67719,605.21002,606.46002,6002173,SPY
2024-12-16 10:30:00,606.5,607.10999,606.35999,606.71997,3299752,SPY
2024-12-16 11:30:00,606.72998,607.030029,606.40002,606.95001,2183531,SPY
2024-12-16 12:30:00,606.95001,607.71997,606.85999,607.71997,3244458,SPY
2024-12-16 13:30:00,607.71002,607.77948,607.32001,607.34998,2755910,SPY
2024-12-16 14:30:00,607.34003,607.77502,607.28998,607.59003,4298501,SPY
2024-12-16 15:30:00,607.58002,607.58099,606.054993,606.77502,10458677,SPY
2024-12-17 09:30:00,604.19000,604.85999,603.15997,603.21997,7817194,SPY
2024-12-17 10:30:00,603.40997,605.10999,603.16498,604.39001,4608009,SPY
2024-12-17 11:30:00,604.35999,605.16998,604.26001,604.53998,3035514,SPY
2024-12-17 12:30:00,604.54999,604.96997,604.020020,604.21503,4649200,SPY
2024-12-17 13:30:00,604.21997,604.44000,603.60999,603.67499,3845350,SPY
2024-12-17 14:30:00,603.67987,603.72998,602.88501,603.090027,6084162,SPY
2024-12-17 15:30:00,603.090027,604.73999,602.96002,604.23999,7715806,SPY
2024-12-18 09:30:00,603.97998,605.41992,603.46997,605.40002,6252597,SPY
2024-12-18 10:30:00,605.38000,606.40503,604.63000,605.63000,5652699,SPY
2024-12-18 11:30:00,605.62000,606.31000,605.40997,605.67999,4916440,SPY
2024-12-18 12:30:00,605.67999,605.94000,605.20001,605.21252,2971253,SPY
2024-12-18 13:30:00,605.21002,605.66998,600.030029,600.080017,12086625,SPY
2024-12-18 14:30:00,600.099976,601.25,592.91998,593.14001,17481899,SPY
2024-12-18 15:30:00,593.13000,593.90002,585.89001,586.29999,29069208,SPY
2024-12-19 09:30:00,591.35999,593,588.65002,588.70001,15038798,SPY
2024-12-19 10:30:00,588.66998,590.96002,587.78998,590.78998,11416473,SPY
2024-12-19 11:30:00,590.77002,591.40002,587.84998,588.010010,7500809,SPY
2024-12-19 12:30:00,588.010010,589.72998,587.28003,589.63000,6418725,SPY
2024-12-19 13:30:00,589.58392,591.26001,588.81000,589.22998,6506440,SPY
2024-12-19 14:30:00,589.25,589.42999,587.40997,588.60999,9544409,SPY
2024-12-19 15:30:00,588.63000,589.21997,585.84998,586.12000,14096575,SPY
2024-12-20 09:30:00,581.77002,587.090027,580.90997,586.97498,19631720,SPY
2024-12-20 10:30:00,586.96997,592.34003,586.91998,592.33868,45039302,SPY
2024-12-20 11:30:00,592.34003,595.75,592.25,595.60999,9488631,SPY
2024-12-20 12:30:00,595.62000,595.63000,592.15002,592.16870,9895471,SPY
2024-12-20 13:30:00,592.16998,593.40002,591.79999,593.28003,75470671,SPY
2024-12-20 14:30:00,593.21997,593.94000,591.56000,591.77002,80041570,SPY
2024-12-20 15:30:00,591.78998,592.38000,589.46997,590.90997,23033547,SPY
2024-12-23 09:30:00,590.89001,591.77002,587.66101,589.29999,8622698,SPY
2024-12-23 10:30:00,589.29999,590.84003,588.71002,590.65692,3439184,SPY
2024-12-23 11:30:00,590.66998,593.12000,590.17999,592.13000,4356234,SPY
2024-12-23 12:30:00,592.13000,593.40002,591.70007,593.29968,3336190,SPY
2024-12-23 13:30:00,593.27002,594.31000,593.25,593.85999,3683561,SPY
2024-12-23 14:30:00,593.89001,594.030029,592.25,593.30499,5432299,SPY
2024-12-23 15:30:00,593.31500,595.29999,593.26941,594.78003,10935737,SPY
2024-12-24 09:30:00,596.080017,598.32001,595.48999,598.20001,6131273,SPY
2024-12-24 10:30:00,598.19501,599.37000,598.16998,599.27002,4657250,SPY
2024-12-24 11:30:00,599.22998,600.33002,598.85498,600.20001,4260733,SPY
2024-12-24 12:30:00,600.13000,601.33502,599.20007,601.29999,17934111,SPY
2024-12-24 15:30:00,601.29999,601.29999,601.29999,601.29999,131302,SPY
2024-12-26 09:30:00,599.5,600.40002,598.082520,600.28998,5804206,SPY
2024-12-26 10:30:00,600.28003,601.27850,599.78998,600.83002,3074905,SPY
2024-12-26 11:30:00,600.84003,602.47998,600.79999,601.51001,14334863,SPY
2024-12-26 12:30:00,601.51001,602.049988,600.34998,601.66998,27189172,SPY
2024-12-26 13:30:00,601.67999,601.77002,600.65997,600.90002,20038627,SPY
2024-12-26 14:30:00,600.96997,602.099976,600.84027,601.78998,3460277,SPY
2024-12-26 15:30:00,601.78998,602.025024,601.059998,601.22998,4421566,SPY
2024-12-27 09:30:00,597.53998,597.77612,592.78998,593.21002,10317016,SPY
2024-12-27 10:30:00,593.16998,594.57001,592.25,594.51898,6944060,SPY
2024-12-27 11:30:00,594.49011,594.67987,590.79999,591.53003,6677223,SPY
2024-12-27 12:30:00,591.76001,592.95001,590.76471,592.53998,7775185,SPY
2024-12-27 13:30:00,592.52661,594.64001,592.33002,593.96997,4013700,SPY
2024-12-27 14:30:00,593.96997,595.53003,593.18011,593.65002,4660899,SPY
2024-12-27 15:30:00,593.65997,595.40002,592.53998,594.98999,12097823,SPY
2024-12-30 09:30:00,587.40997,587.62000,584.40997,584.77002,12264754,SPY
2024-12-30 10:30:00,584.91998,588.40997,584.81000,587.98999,9205125,SPY
2024-12-30 11:30:00,587.96997,590.54993,587.93011,590.44000,4245872,SPY
2024-12-30 12:30:00,590.45001,591.73999,589.65002,590.59003,3123961,SPY
2024-12-30 13:30:00,590.51001,591.53003,589.41998,590.34003,34790342,SPY
2024-12-30 14:30:00,590.34003,591.21002,589.56000,589.59003,4535727,SPY
2024-12-30 15:30:00,589.59003,590.64001,588.070007,588.27002,6588777,SPY
2024-12-31 09:30:00,589.90503,590.63989,588.17010,589.60999,6950962,SPY
2024-12-31 10:30:00,589.60999,590.059998,586.82001,586.95001,3572001,SPY
2024-12-31 11:30:00,586.94989,587.84003,585.73999,585.88867,3756300,SPY
2024-12-31 12:30:00,585.85999,587.57990,584.78998,585.010010,5608265,SPY
2024-12-31 13:30:00,585.015015,586.55988,584.58002,584.94000,4971524,SPY
2024-12-31 14:30:00,584.91998,587.29999,584.41998,587.23010,6727905,SPY
2024-12-31 15:30:00,587.22998,587.49988,584.96997,586,12566405,SPY
2025-01-02 09:30:00,589.39001,591.13000,586.19000,587.83002,10951763,SPY
2025-01-02 10:30:00,587.81000,588.78003,585.37000,587.53009,5107892,SPY
2025-01-02 11:30:00,587.46997,588.77002,584.21002,584.48999,3517799,SPY
2025-01-02 12:30:00,584.46997,584.47333,580.94000,582.35999,8460096,SPY
2025-01-02 13:30:00,582.32501,583.50500,580.5,583.28003,6223597,SPY
2025-01-02 14:30:00,583.26501,584.81000,582.020020,584.46997,4679442,SPY
2025-01-02 15:30:00,584.47998,585.37000,583.55017,584.57001,5791461,SPY
2025-01-03 09:30:00,587.53003,589.54498,586.42999,588.21997,9304683,SPY
2025-01-03 10:30:00,588.23999,589.84998,587.54999,589.63000,3542448,SPY
2025-01-03 11:30:00,589.59998,591.010010,589.55499,590.14502,3213542,SPY
2025-01-03 12:30:00,590.15002,591.5,589.90002,591.49500,3214484,SPY
2025-01-03 13:30:00,591.5,592.20001,591.049988,592.099976,3161827,SPY
2025-01-03 14:30:00,592.080017,592.59998,591.42999,591.92999,3775927,SPY
2025-01-03 15:30:00,591.92999,592.21002,591.049988,591.85999,7074390,SPY
2025-01-06 09:30:00,596.27002,599,595.90002,598.89001,10454584,SPY
2025-01-06 10:30:00,598.90997,599.51001,598.070007,599.50897,5071626,SPY
2025-01-06 11:30:00,599.49200,599.70001,598.37000,598.57001,3142097,SPY
2025-01-06 12:30:00,598.53003,598.73999,596.58002,597.39001,4129039,SPY
2025-01-06 13:30:00,597.34998,597.42987,594.88000,595.34998,4467667,SPY
2025-01-06 14:30:00,595.52002,595.58002,594.039978,595.054993,5716777,SPY
2025-01-06 15:30:00,595.054993,595.5,593.59998,595.40002,8009219,SPY
2025-01-07 09:30:00,597.41998,597.75,592.030029,593.59998,12414813,SPY
2025-01-07 10:30:00,593.60999,593.75,590.27002,593.10999,7406724,SPY
2025-01-07 11:30:00,592.46002,593.26001,590.21252,590.62000,4219916,SPY
2025-01-07 12:30:00,590.65002,592.40900,589.64001,592.28003,3357869,SPY
2025-01-07 13:30:00,592.28003,592.28003,590.54999,591.10999,3595771,SPY
2025-01-07 14:30:00,591.070007,591.099976,587.69000,587.83002,36447347,SPY
2025-01-07 15:30:00,587.84003,588.85022,586.78003,588.71002,46392075,SPY
2025-01-08 09:30:00,588.70001,588.77002,586,586.47498,9871345,SPY
2025-01-08 10:30:00,586.75,588.71997,586.38000,588.10999,3913762,SPY
2025-01-08 11:30:00,588.54797,589.94000,585.38000,585.63000,4362583,SPY
2025-01-08 12:30:00,585.64001,589.57001,585.19501,589.10999,5167375,SPY
2025-01-08 13:30:00,589.12000,590.57990,587.080017,590.27161,5552093,SPY
2025-01-08 14:30:00,590.27002,590.28003,587.88000,589.090027,3927908,SPY
2025-01-08 15:30:00,589.10498,589.64001,588.22998,589.41998,7867640,SPY
2025-01-10 09:30:00,585.88000,585.95001,579.15002,581.89001,18575113,SPY
2025-01-10 10:30:00,581.90002,583.22882,579.59003,579.85999,8241301,SPY
2025-01-10 11:30:00,579.87000,580.81000,578.54999,580,6304760,SPY
2025-01-10 12:30:00,579.97998,583.75,579.90002,583.23999,5835728,SPY
2025-01-10 13:30:00,583.23999,584.5,581.58002,582.59998,6052445,SPY
2025-01-10 14:30:00,582.60999,582.62000,579.96997,580.34497,7104866,SPY
2025-01-10 15:30:00,580.33002,581.12000,579.70001,580.51001,8981276,SPY
2025-01-13 09:30:00,575.77002,578.62000,575.34998,576.020020,10234487,SPY
2025-01-13 10:30:00,576.072998,579.17999,576.030029,576.98999,4990617,SPY
2025-01-13 11:30:00,576.96997,578.53003,575.67999,578.22998,4259392,SPY
2025-01-13 12:30:00,578.20001,579.75,577.59998,579.71997,3520152,SPY
2025-01-13 13:30:00,579.69000,580.35999,579.090027,580.31000,4323499,SPY
2025-01-13 14:30:00,580.28998,581,579.57001,580.099976,5247134,SPY
2025-01-13 15:30:00,580.099976,581.75,579.87000,581.53998,6093907,SPY
2025-01-14 09:30:00,584.35999,585,581.96997,583.15002,10074056,SPY
2025-01-14 10:30:00,583.17517,583.55902,580.17999,580.85999,5123504,SPY
2025-01-14 11:30:00,580.83002,581.40002,578.57001,579.71997,5171857,SPY
2025-01-14 12:30:00,579.71002,582.23700,578.34998,582.020020,4224094,SPY
2025-01-14 13:30:00,582.020020,583.81000,581.78998,583.039978,5136715,SPY
2025-01-14 14:30:00,583.039978,583.73999,578.90002,580.48999,5815578,SPY
2025-01-14 15:30:00,580.46997,582.28998,579.58002,582.19000,7537574,SPY
2025-01-15 09:30:00,590.32501,592.96997,589.19501,592.33002,14512548,SPY
2025-01-15 10:30:00,592.44000,592.53003,590.71002,591.020081,4699767,SPY
2025-01-15 11:30:00,591.020020,591.38000,589.5,591.12000,4001577,SPY
2025-01-15 12:30:00,591.12000,592.27002,590.89001,592.27002,2652365,SPY
2025-01-15 13:30:00,592.25500,593.14001,591.97998,593.099976,3105742,SPY
2025-01-15 14:30:00,593.12000,593.94000,593.020020,593.69000,40805066,SPY
2025-01-15 15:30:00,593.67999,593.84003,592.67999,592.76001,10587094,SPY
2025-01-16 09:30:00,594.17499,594.29999,591.32001,592.28278,7680076,SPY
2025-01-16 10:30:00,592.27002,594.34998,591.78003,593.36011,4178044,SPY
2025-01-16 11:30:00,593.34003,593.81000,591.82001,593.78003,2835767,SPY
2025-01-16 12:30:00,593.78003,593.79999,592.10999,592.26001,1960966,SPY
2025-01-16 13:30:00,592.26001,592.61261,590.92999,592.46503,4404947,SPY
2025-01-16 14:30:00,592.46997,593.33002,591.94000,592.28998,28702265,SPY
2025-01-16 15:30:00,592.28998,593.20001,591.47998,591.70001,6725120,SPY
2025-01-17 09:30:00,596.96002,597.53998,595.60999,596.96997,14259902,SPY
2025-01-17 10:30:00,596.98999,599.099976,596.78003,598.77002,11240726,SPY
2025-01-17 11:30:00,598.77002,599.039978,597.82001,598.98120,3509889,SPY
2025-01-17 12:30:00,599,599.35999,598.53003,599.030029,3740090,SPY
2025-01-17 13:30:00,599,599.10999,598.080017,598.44702,5831173,SPY
2025-01-17 14:30:00,598.47998,598.71002,597.53003,598.099976,5171035,SPY
2025-01-17 15:30:00,598.094971,598.59003,597.34998,597.54999,7957879,SPY
2025-01-21 09:30:00,600.66998,601.46997,598.66998,600.35498,8003327,SPY
2025-01-21 10:30:00,600.33002,600.94000,599.42999,600.78003,3154526,SPY
2025-01-21 11:30:00,600.77002,601.78003,600.26001,601.58002,2931211,SPY
2025-01-21 12:30:00,601.58002,602.88000,601.54150,602.59003,3525162,SPY
2025-01-21 13:30:00,602.58002,602.82001,601.90002,602.37000,3368563,SPY
2025-01-21 14:30:00,602.38000,602.78003,601.66998,602.71002,27831922,SPY
2025-01-21 15:30:00,602.71997,602.97998,602.15002,602.91998,7640039,SPY
2025-01-22 09:30:00,605.91998,607.039978,605.35999,606.70001,8585547,SPY
2025-01-22 10:30:00,606.71997,607.23999,606.26001,607.23749,5888931,SPY
2025-01-22 11:30:00,607.23199,607.82001,607.19501,607.54999,3346931,SPY
2025-01-22 12:30:00,607.56000,607.70001,606.94122,607.066284,2835236,SPY
2025-01-22 13:30:00,607.080017,607.62671,606.83002,606.90503,2324274,SPY
2025-01-22 14:30:00,606.90997,607.62000,606.78009,607.12000,3100824,SPY
2025-01-22 15:30:00,607.12000,607.34998,606.22998,606.34003,8699722,SPY
2025-01-23 09:30:00,605.79999,606.29999,605.52002,605.72998,4504910,SPY
2025-01-23 10:30:00,605.71997,607.54999,605.65002,607.51001,4075897,SPY
2025-01-23 11:30:00,607.5,607.87000,606.94000,607.16998,5748200,SPY
2025-01-23 12:30:00,607.16998,608.29999,606.90002,607.98499,3158363,SPY
2025-01-23 13:30:00,608,608.25,607.31000,607.65997,2240641,SPY
2025-01-23 14:30:00,607.66998,608.27002,607.59998,608.094971,3238222,SPY
2025-01-23 15:30:00,608.090027,609.73999,607.69000,609.71002,6680567,SPY
2025-01-24 09:30:00,609.81000,610.78003,609.25,609.34998,5714386,SPY
2025-01-24 10:30:00,609.34998,609.88977,609.059998,609.88977,3426859,SPY
2025-01-24 11:30:00,609.88000,610.32501,609.29999,609.42999,2331719,SPY
2025-01-24 12:30:00,609.42499,609.62000,608.080017,608.44501,3126557,SPY
2025-01-24 13:30:00,608.42999,608.73999,606.92999,607.42999,3345677,SPY
2025-01-24 14:30:00,607.40002,607.91998,606.94000,607.070007,4125513,SPY
2025-01-24 15:30:00,607.080017,608.15002,606.79999,607.93988,6410796,SPY
2025-01-27 09:30:00,596.46997,599.21002,596.39001,599,19726145,SPY
2025-01-27 10:30:00,598.98999,599.69000,596.28998,596.51001,7647342,SPY
2025-01-27 11:30:00,596.5,598.039978,596.20001,597.65002,5497857,SPY
2025-01-27 12:30:00,597.64178,598.21002,596.030029,596.125,4033400,SPY
2025-01-27 13:30:00,596.10999,599.12000,596.070007,599.010010,4838752,SPY
2025-01-27 14:30:00,598.98499,598.98999,596.27002,597.44000,7700995,SPY
2025-01-27 15:30:00,597.46002,599.57001,597.15002,599.40997,10318751,SPY
2025-01-28 09:30:00,600.71,602.76,597.36,602.46,289322,SPY
2025-01-28 10:30:00,602.53,603.56,601.045,601.42,2069190,SPY
2025-01-28 11:30:00,601.39,603.91,601,603.72,152811,SPY
2025-01-28 12:30:00,603.82,604.78,603.295,604.36,695863,SPY
2025-01-28 13:30:00,604.15,604.46,603.24,604.23,96572,SPY
2025-01-28 14:30:00,604.12,605.37,604.12,604.94,163436,SPY
2025-01-28 15:30:00,605.03,605.23,604.38,604.5,238117,SPY
2025-01-29 09:30:00,603.71997,604.13000,602.44513,602.97998,4791874,SPY
2025-01-29 10:30:00,603.010010,603.5,602.21002,602.46002,2433781,SPY
2025-01-29 11:30:00,602.5,603.46002,601.92999,603.054993,1873917,SPY
2025-01-29 12:30:00,603.059998,603.32001,599.65997,602.31000,3173568,SPY
2025-01-29 13:30:00,602.33002,602.63000,599.21997,599.40002,4716659,SPY
2025-01-29 14:30:00,599.39001,603.68011,599.25,603.34998,7629980,SPY
2025-01-29 15:30:00,603.35999,603.65997,600.73999,601.79999,4985317,SPY
2025-01-30 09:30:00,603.96002,605.97998,602.40997,602.63000,6660081,SPY
2025-01-30 10:30:00,602.33002,603.88000,600.71503,602.96,4068541,SPY
2025-01-30 11:30:00,603.022095,604.34003,602.080017,602.37000,3005876,SPY
2025-01-30 12:30:00,602.39001,604.31000,602.15997,604,17548736,SPY
2025-01-30 13:30:00,603.98499,605.21997,603.94000,604.95673,20196080,SPY
2025-01-30 14:30:00,604.95001,606.59998,604.59003,606.31000,3806065,SPY
2025-01-30 15:30:00,606.28998,606.32001,601.82001,604.96997,11106846,SPY
2025-01-31 09:30:00,607.5,609.020020,607.059998,608.95990,6898270,SPY
2025-01-31 10:30:00,608.96002,609.96002,608.84998,609.090027,4041098,SPY
2025-01-31 11:30:00,609.090027,609.54999,608.010010,609.54999,3769517,SPY
2025-01-31 12:30:00,609.54498,609.72998,606.69000,606.84833,4465688,SPY
2025-01-31 13:30:00,606.82001,607.030029,603.29999,604.53003,10174448,SPY
2025-01-31 14:30:00,604.52002,605.13000,601.37000,601.66888,10986181,SPY
2025-01-31 15:30:00,601.66998,603.27002,601.049988,601.79999,11871932,SPY
2025-02-03 09:30:00,592.66998,596.59998,590.48999,596.38000,19402095,SPY
2025-02-03 10:30:00,596.38000,599.25,592.44000,597.87000,9369179,SPY
2025-02-03 11:30:00,597.87000,599.010010,596.69000,597.40002,5408083,SPY
2025-02-03 12:30:00,597.39001,598.26001,595.96997,597.79498,5810165,SPY
2025-02-03 13:30:00,597.87000,600,597.42010,599.47998,4564408,SPY
2025-02-03 14:30:00,599.48499,600.28998,598.40002,598.54999,3962332,SPY
2025-02-03 15:30:00,598.56000,599.049988,597.39001,597.64001,8486548,SPY
2025-02-04 09:30:00,597.83002,601.14001,597.28003,600.52002,7413524,SPY
2025-02-04 10:30:00,600.54999,602.010010,600.10999,601.97998,3566012,SPY
2025-02-04 11:30:00,601.96002,602.090027,599.66998,599.76001,3341388,SPY
2025-02-04 12:30:00,599.82001,601.25,599.40540,601.13000,2218374,SPY
2025-02-04 13:30:00,601.12000,602.14001,600.57001,601.85999,1800041,SPY
2025-02-04 14:30:00,601.88000,602.29999,600.84003,601.085022,4026798,SPY
2025-02-04 15:30:00,601.085022,602.27002,600.96997,601.75500,5774958,SPY
2025-02-05 09:30:00,600.64001,601.090027,598.58002,600.63000,6422006,SPY
2025-02-05 10:30:00,600.32001,601.40002,599.77002,601.27002,2769893,SPY
2025-02-05 11:30:00,601.23999,603.16998,601.125,602.48999,4234109,SPY
2025-02-05 12:30:00,602.5,602.90002,602.21002,602.56598,15359643,SPY
2025-02-05 13:30:00,602.56000,603.63501,602.39001,603.27002,18211588,SPY
2025-02-05 14:30:00,603.28998,603.96997,602.88000,603.72998,39161485,SPY
2025-02-05 15:30:00,603.71997,604.37000,602.90997,604.15002,5068227,SPY
2025-02-06 09:30:00,605.98999,606.099976,604.83002,604.94000,5220233,SPY
2025-02-06 10:30:00,604.94000,605.75,604.15997,605.53003,8843960,SPY
2025-02-06 11:30:00,605.54999,605.63000,604.75,605.14001,2002359,SPY
2025-02-06 12:30:00,605.14001,605.98999,604.85999,605.59003,1936399,SPY
2025-02-06 13:30:00,605.58002,605.78998,604.35999,604.56000,2839505,SPY
2025-02-06 14:30:00,604.58002,604.82001,602.63000,604.76501,5268770,SPY
2025-02-06 15:30:00,604.77002,606.45251,604.58002,606.34003,27051947,SPY
2025-02-07 09:30:00,606.89001,608.13000,603.77002,604.58301,9511995,SPY
2025-02-07 10:30:00,604.5,605.53998,601.17999,602.00042725,10458836,SPY
2025-02-07 11:30:00,602.049988,602.90997,600.64001,601.70001,8443638,SPY
2025-02-07 12:30:00,601.60999,603.75,601.29999,603.31427,2472707,SPY
2025-02-07 13:30:00,603.33002,603.65002,600.5,600.58929,3499806,SPY
2025-02-07 14:30:00,600.60907,601.59998,600.049988,600.40002,3536601,SPY
2025-02-07 15:30:00,600.39001,601.26001,600.37000,600.77002,7304928,SPY
2025-02-10 09:30:00,604.030029,604.78998,602.73999,604.72998,6518834,SPY
2025-02-10 10:30:00,604.73999,605.33002,604.049988,604.31000,3342937,SPY
2025-02-10 11:30:00,604.31989,604.48749,603.21082,603.62860,2268533,SPY
2025-02-10 12:30:00,603.65002,604.98999,603.64001,604.67999,1584784,SPY
2025-02-10 13:30:00,604.68011,605.49988,604.56000,605.19000,1947374,SPY
2025-02-10 14:30:00,605.17999,605.37000,604.71997,604.89001,2722433,SPY
2025-02-10 15:30:00,604.88000,605.030029,604.24463,604.78998,4621939,SPY
2025-02-11 09:30:00,602.54999,604.26001,602.42999,604.15002,4606648,SPY
2025-02-11 10:30:00,604.15997,605.21997,604,604.58002,3048868,SPY
2025-02-11 11:30:00,604.62000,604.89001,603.099976,604.32001,4016033,SPY
2025-02-11 12:30:00,604.34003,604.42999,603.5,603.96918,1783856,SPY
2025-02-11 13:30:00,603.97998,605.29999,603.95001,604.72162,3118808,SPY
2025-02-11 14:30:00,604.71997,605.85999,604.71002,605.27002,3820717,SPY
2025-02-11 15:30:00,605.28003,605.58002,604.60999,605.21002,5206725,SPY
2025-02-12 09:30:00,599.20001,602.35999,598.51001,601.43500,18533605,SPY
2025-02-12 10:30:00,601.44397,603.32001,600.16998,600.65991,3950017,SPY
2025-02-12 11:30:00,600.63000,603.98999,600.59998,603.78998,4270172,SPY
2025-02-12 12:30:00,603.78003,604.54999,603.090027,603.57001,2559065,SPY
2025-02-12 13:30:00,603.58990,603.75989,602.53003,603.080017,2782981,SPY
2025-02-12 14:30:00,603.11353,604.22998,603.059998,603.32001,4147189,SPY
2025-02-12 15:30:00,603.32501,603.59003,602.57001,603.35999,4583717,SPY
2025-02-13 09:30:00,604.47998,606.41992,603.20001,606.080017,7644395,SPY
2025-02-13 10:30:00,606.084900,607.48999,606,606.69000,3568204,SPY
2025-02-13 11:30:00,606.70001,606.96002,605.71997,606.53998,2320405,SPY
2025-02-13 12:30:00,606.53998,606.96997,604.98999,606.20001,2449532,SPY
2025-02-13 13:30:00,606.20001,608.40997,605.31000,608.28003,5699841,SPY
2025-02-13 14:30:00,608.28003,609.71002,608.14221,609.57990,5921003,SPY
2025-02-13 15:30:00,609.57001,609.94000,609.090027,609.69000,8181588,SPY
2025-02-14 09:30:00,609.94000,610.98999,609.76001,610.23999,5214641,SPY
2025-02-14 10:30:00,610.23999,610.84998,609.40002,609.98999,3958808,SPY
2025-02-14 11:30:00,610.010010,610.29498,609.27002,609.32013,2765124,SPY
2025-02-14 12:30:00,609.34998,610.090027,609.070007,609.92987,1443393,SPY
2025-02-14 13:30:00,609.92999,610.75067,609.88000,610.13000,2059869,SPY
2025-02-14 14:30:00,610.15002,610.30243,609.59003,609.66998,2430636,SPY
2025-02-14 15:30:00,609.65997,610.28998,609.54498,609.70001,5528390,SPY
2025-02-18 09:30:00,610.88000,611,609.33002,609.63000,5264996,SPY
2025-02-18 10:30:00,609.64001,610.73999,609.40002,610.40997,2689715,SPY
2025-02-18 11:30:00,610.28992,610.85498,609.78003,610.034973,10918334,SPY
2025-02-18 12:30:00,610.040222,610.65869,609.52002,609.89001,2178352,SPY
2025-02-18 13:30:00,609.88000,609.92999,608.38000,609.21899,3558962,SPY
2025-02-18 14:30:00,609.21997,610.039978,609.10999,609.78003,3079660,SPY
2025-02-18 15:30:00,609.77002,611.35999,609.63000,611.35999,4732692,SPY
2025-02-19 09:30:00,610.080017,610.27002,609.56000,610.059998,5311795,SPY
2025-02-19 10:30:00,610.059998,611.26001,609.82001,611.17999,4571950,SPY
2025-02-19 11:30:00,611.16998,611.96002,610.97998,611.049988,2328945,SPY
2025-02-19 12:30:00,611.059998,611.82001,610.65002,611.65997,2127194,SPY
2025-02-19 13:30:00,611.66998,613.080017,611.40002,612.82013,3339982,SPY
2025-02-19 14:30:00,612.82001,613.22998,611.79999,612.099915,3320047,SPY
2025-02-19 15:30:00,612.10999,613.059998,612.080017,612.90002,5357692,SPY
2025-02-20 09:30:00,611.53998,611.68402,607.020020,609.10999,9717423,SPY
2025-02-20 10:30:00,609.099976,609.52002,607.080017,608.26001,3970507,SPY
2025-02-20 11:30:00,608.25500,608.93988,607.099976,608.78998,3687404,SPY
2025-02-20 12:30:00,608.83020,609.099915,607.64001,607.96002,3137670,SPY
2025-02-20 13:30:00,607.94000,609.48999,607.82001,609.16998,3605450,SPY
2025-02-20 14:30:00,609.15997,610.099976,608.71997,609.84003,4057035,SPY
2025-02-20 15:30:00,609.84003,610.70001,609.46252,610.39001,5353063,SPY
2025-02-21 09:30:00,610.15997,610.29999,606.52002,606.76001,9803619,SPY
2025-02-21 10:30:00,606.75,607.47998,605.76599,606.94000,8591959,SPY
2025-02-21 11:30:00,606.95001,607.5,605.15997,605.71991,5486045,SPY
2025-02-21 12:30:00,605.75500,605.78998,602.10010,602.15997,9010400,SPY
2025-02-21 13:30:00,602.14502,603.22498,599.65002,599.90997,8452030,SPY
2025-02-21 14:30:00,599.90991,600.65997,599.46997,600.56000,9297319,SPY
2025-02-21 15:30:00,600.58002,600.90997,599.5,600,10643776,SPY
2025-02-24 09:30:00,602.020020,603.030029,596.48999,597.95001,12094160,SPY
2025-02-24 10:30:00,597.92999,600.38000,596.75,600.096191,5350932,SPY
2025-02-24 11:30:00,600.13000,601.58002,599.40192,601.039978,3482748,SPY
2025-02-24 12:30:00,600.96997,601.84998,600.53003,601.40997,2462220,SPY
2025-02-24 13:30:00,601.39001,601.61328,599.84003,600.070007,27818866,SPY
2025-02-24 14:30:00,600.059998,600.65997,598.90002,599.099976,32553515,SPY
2025-02-24 15:30:00,599.10999,599.71997,596.64001,597.19000,43333675,SPY
2025-02-25 09:30:00,597.15002,597.89001,590.84998,590.84998,21408860,SPY
2025-02-25 10:30:00,590.75,593.44000,590.50330,590.87000,27150505,SPY
2025-02-25 11:30:00,590.84998,593.80841,589.56000,593.67999,5526618,SPY
2025-02-25 12:30:00,593.66998,596.17999,593.46002,593.70001,4958596,SPY
2025-02-25 13:30:00,593.70502,595.87000,593.010010,593.070007,77008942,SPY
2025-02-25 14:30:00,593.35999,596.64001,593.020020,595.89001,87111120,SPY
2025-02-25 15:30:00,595.90002,596.020020,593.57001,594.21002,7170839,SPY
2025-02-26 09:30:00,595.92999,599.28003,595.099976,597.94000,8860761,SPY
2025-02-26 10:30:00,597.97498,599.58002,597.95001,598.65002,3650900,SPY
2025-02-26 11:30:00,598.67999,599.42999,597.67999,598.59998,3439375,SPY
2025-02-26 12:30:00,598.65002,599.010010,593.84998,593.92499,5114476,SPY
2025-02-26 13:30:00,593.86499,594.59003,591.85559,593.38898,5992773,SPY
2025-02-26 14:30:00,593.34998,594.64001,592.46002,593.59003,4549095,SPY
2025-02-26 15:30:00,593.59003,595.28998,593.14001,594.42999,6320016,SPY
2025-02-27 09:30:00,596.84998,597.91998,590.52002,595.45001,15088411,SPY
2025-02-27 10:30:00,595.45001,596.23999,593.21997,594.12128,5194476,SPY
2025-02-27 11:30:00,594.13000,594.95892,591.40002,593.95001,25638750,SPY
2025-02-27 12:30:00,593.96002,595.15997,592.37000,594.59003,4070317,SPY
2025-02-27 13:30:00,594.63000,594.95001,590.67999,590.76971,3846880,SPY
2025-02-27 14:30:00,590.78198,590.79999,586.23999,586.31000,11600160,SPY
2025-02-27 15:30:00,586.36298,587.57001,584.65002,585.039978,15219445,SPY
2025-02-28 09:30:00,585.56000,588.38000,583.27002,588.35999,15382239,SPY
2025-02-28 10:30:00,588.35999,589.030029,586.010010,586.059998,6486603,SPY
2025-02-28 11:30:00,586.070007,588.34003,585.83002,587.025024,4069077,SPY
2025-02-28 12:30:00,587.075012,587.17999,582.44000,584.71997,10920845,SPY
2025-02-28 13:30:00,584.69000,586.52002,583.53101,585.66998,6729527,SPY
2025-02-28 14:30:00,585.66992,589.67999,585.25,589.61499,8723406,SPY
2025-02-28 15:30:00,589.63000,594.71997,587.92999,594.070007,20419387,SPY
2025-03-03 09:30:00,596.17999,597.34003,590.71002,594.11499,12420203,SPY
2025-03-03 10:30:00,594.090027,595.125,592.21997,592.40002,5858124,SPY
2025-03-03 11:30:00,592.42999,594.15002,591.16998,593.81000,3921971,SPY
2025-03-03 12:30:00,593.79999,594.21997,587.87000,588.090271,4977600,SPY
2025-03-03 13:30:00,588.11499,590.22998,587.47998,588.49500,6869157,SPY
2025-03-03 14:30:00,588.48999,590.65002,580.83002,581.21002,15861803,SPY
2025-03-03 15:30:00,581.19000,584.10999,579.90002,583.96997,14072833,SPY
2025-03-04 09:30:00,579.71002,580.21002,572.25,574.51001,41526020,SPY
2025-03-04 10:30:00,574.52002,576.099976,572.29999,572.96008,12480275,SPY
2025-03-04 11:30:00,572.98999,578.57001,572.91998,577.85999,9243958,SPY
2025-03-04 12:30:00,577.84998,580.069580,575.92999,577.53998,8341699,SPY
2025-03-04 13:30:00,577.13000,582.92902,576.96997,581.40002,9051927,SPY
2025-03-04 14:30:00,581.41998,585.39001,580.79999,583.84003,9884644,SPY
2025-03-04 15:30:00,583.85999,584.030029,574.69000,576.88000,20058277,SPY
2025-03-05 09:30:00,576.69000,579.64001,575,575.89148,15257832,SPY
2025-03-05 10:30:00,575.91998,578.34998,573.79999,574.84998,6353940,SPY
2025-03-05 11:30:00,574.84003,578.78998,573.079529,578.70001,8194402,SPY
2025-03-05 12:30:00,578.69000,581.15997,577.73999,579.22998,7608069,SPY
2025-03-05 13:30:00,579.27002,584.34003,577.90997,582.79999,9837903,SPY
2025-03-05 14:30:00,582.79999,584.88000,581.97998,584.13000,7027500,SPY
2025-03-05 15:30:00,584.099976,584.15997,581.39001,583.030029,9471491,SPY
2025-03-06 09:30:00,575.47998,578.71002,573.45001,578.46100,14413770,SPY
2025-03-06 10:30:00,578.46002,580.17358,577.10999,578.48999,6153320,SPY
2025-03-06 11:30:00,578.46997,580.070007,572,572.54999,9432101,SPY
2025-03-06 12:30:00,572.56000,574.15997,571.039978,572.53003,8178220,SPY
2025-03-06 13:30:00,572.81000,573.15002,570.12000,570.63879,7575936,SPY
2025-03-06 14:30:00,570.59998,574.92999,570.12000,572.98999,11729268,SPY
2025-03-06 15:30:00,573.013123,574.27002,571.57001,572.82001,9935019,SPY
2025-03-07 09:30:00,570.90002,576.067871,570.79999,572.35999,13963793,SPY
2025-03-07 10:30:00,572.34998,573,567.37000,567.63000,12713020,SPY
2025-03-07 11:30:00,567.40997,568.66949,565.63000,568.080017,11840903,SPY
2025-03-07 12:30:00,568.059998,574.28998,567.44000,572.62689,10904836,SPY
2025-03-07 13:30:00,572.65997,577.31000,572.28998,576.57501,9339363,SPY
2025-03-07 14:30:00,576.65997,577.14001,574.62000,575.97961,7150584,SPY
2025-03-07 15:30:00,575.94000,577.39001,572.81000,575.85999,9123798,SPY
2025-03-10 09:30:00,568.26001,569.53998,565.17310,565.51501,13934624,SPY
2025-03-10 10:30:00,565.53003,566.049988,563.059998,565.13000,12764246,SPY
2025-03-10 11:30:00,565.125,566.62000,562.63000,563.77002,39788722,SPY
2025-03-10 12:30:00,563.78003,565.10999,561.099976,561.84003,7275104,SPY
2025-03-10 13:30:00,561.88000,561.96997,559.41998,559.82001,9891100,SPY
2025-03-10 14:30:00,560.27002,561.28998,555.59003,559.66998,14955990,SPY
2025-03-10 15:30:00,559.71997,562.46973,559.059998,560.75,15153103,SPY
2025-03-11 09:30:00,559.75,562.12000,555.65002,555.98578,16719572,SPY
2025-03-11 10:30:00,555.95001,558.85999,554.049988,557.16998,11088440,SPY
2025-03-11 11:30:00,557.46997,559.97998,554.75,555.81000,6512972,SPY
2025-03-11 12:30:00,555.84998,556.92999,552.039978,552.20001,8660981,SPY
2025-03-11 13:30:00,552.15997,559.32001,552.020020,558.44000,9387874,SPY
2025-03-11 14:30:00,558.40997,564.020020,557.34003,559.57001,13594430,SPY
2025-03-11 15:30:00,559.33002,560.32001,556.010010,556.12000,10711017,SPY
2025-03-12 09:30:00,562.16998,563.10999,557.97998,559.010010,34117295,SPY
2025-03-12 10:30:00,559.070007,559.27002,553.69000,556.90002,9126897,SPY
2025-03-12 11:30:00,556.94000,560.85999,556.57501,560.27002,6136619,SPY
2025-03-12 12:30:00,560.31000,561.46002,558.65997,561.41998,46121775,SPY
2025-03-12 13:30:00,561.48999,561.78003,557.81000,560.20001,4715815,SPY
2025-03-12 14:30:00,560.21002,561.90002,559.030029,559.64001,5325816,SPY
2025-03-12 15:30:00,559.64001,560.28998,558.16998,558.91998,8778620,SPY
2025-03-13 09:30:00,558.48999,559.10498,554.45001,557.11499,10489564,SPY
2025-03-13 10:30:00,557.13000,558.27002,554.14001,554.28369,5443192,SPY
2025-03-13 11:30:00,554.25,555.15997,552.27002,552.57001,7967792,SPY
2025-03-13 12:30:00,552.59003,554.57617,550.35999,551.15997,7369021,SPY
2025-03-13 13:30:00,551.10999,553.25,549.67999,553.059998,7307730,SPY
2025-03-13 14:30:00,553.070007,554.62000,550.90002,551.46997,9084816,SPY
2025-03-13 15:30:00,551.47998,552.059998,550.15997,551.52002,11161916,SPY
2025-03-14 09:30:00,556.10999,559.69000,555.5,557.0050049,12784539,SPY
2025-03-14 10:30:00,556.99500,561.51001,556.88000,561.049988,5778226,SPY
2025-03-14 11:30:00,561.059998,562.42999,560.020081,560.21997,5868946,SPY
2025-03-14 12:30:00,560.29999,562.79999,560.049988,561.45001,6706486,SPY
2025-03-14 13:30:00,561.67499,561.95001,560.22998,560.69000,5824008,SPY
2025-03-14 14:30:00,560.69000,562.75,560.68323,561.79999,6054495,SPY
2025-03-14 15:30:00,561.81000,563.83002,561.37000,562.78998,11882109,SPY
